,DATE,STAR,LIKE,REVIEW
0,2021-4-4,별표 5개 만점에 1개를 받았습니다.,0,"지문인식, 간편인증 몇번을 해도 안되서 쓰지도 않는 공인인증까지 했는데, 이젠 보이스피싱 확인해야 한다며 콜센타상담원하고 연락하라니!!내일 될때까지 기다렸다 사용해야 하냐?!! 본인이니 공인인증하고 간편인식하고 지문인식까지 한거지 지금 장난하나!! 진짜 시스템 관리 안하니?"
1,2021-2-25,별표 5개 만점에 1개를 받았습니다.,2,"ㅎ... 어이가 없네요. 로그인을 인증서, 간편비밀번호, 지문인증 방식으로 선택하게 해놓고는 지문인증은 인증서로 로그인 후 해야한다며 안돼. 간편비밀번호는 휴대전화인증에 은행계좌인증까지 다 해놓고 거기에 개인정보는 또 다 동의로 받아놓고는 막상 로그인하려니까 이것도 결국엔 인증서 필요하다네... 왜 이딴식으로 시스템을 만드는지 이해가 안가네요."
2,2021-4-4,별표 5개 만점에 1개를 받았습니다.,0,아니 로그인이 안되는 어플이어딨나요 다오류라는데 이래서 어플사용합니까? 로그인안되는 오류도 리뷰보니 꽤된거 같은데 어플 관리안하시나봐요
3,2021-2-25,별표 5개 만점에 1개를 받았습니다.,1,업데이트 하고 나서부터 며칠동안 앱이 켜지지도 않고 에러문구만 계속 뜨고 접속이 안되네요 대출 상환도 자동이체 신청했는데 자동이체도 되지않아 3일치 이자가 더 나가게 생겼어요 ㅡㅡ
4,2021-2-25,별표 5개 만점에 1개를 받았습니다.,1,몇달동안 한번을 제대로 안켜짐 너무 쓰레기...어플... 어떻게 이렇게 관리를 안하죠? 그냥 없애요 모바일로 들어가면 어플사용하라고 하지말고 우린 어플 못만드니까 꼭 캄퓨터니 고객센터 이용하라고 공지 좀 요.. 한번을 로그인 페이지까지 안넘어가네 옛날폰도 아닌데 이럴일??!!
5,2021-3-22,별표 5개 만점에 1개를 받았습니다.,0,"모든게 마음에 안드는 교보생명 상담원이 실수해서 계좌안보내 실효됐는데 구제방법없다고 해지되었음 어이없는 교보,ㅂ ㅋㅋㅋ"
6,2021-3-9,별표 5개 만점에 1개를 받았습니다.,1,그동안 간편로그인 해서 썻는데 뜬금없이 공인인증서로 로그인 하게 하는게 머에요? 공용인증서도 아닌 구닥다리 공인인증서를 요구 하다니....헐 별 하나도 아깝네. 고객을 쫄로 아는가요?
7,2021-2-25,별표 5개 만점에 1개를 받았습니다.,2,로딩창만 몇분째네요. 지웠다 다시깔아도 같은 현상 반복이구요. 업데이트 중인가요...답답합니다.
8,2021-2-26,별표 5개 만점에 1개를 받았습니다.,0,하.....장난하는것도 아니고 어플이 실행자체가 안되는데 어떻게 청구를 하라는거냐?계속 무한로딩중인데 관리 더럽게 못하네
9,2021-2-26,별표 5개 만점에 1개를 받았습니다.,1,별1개도 아까워요 도대체 이앱은 열면 로딩화면에서 넘어가질 않는데 어떻게쓰라고 올린건지 모르겠어요
10,2021-2-27,별표 5개 만점에 1개를 받았습니다.,0,"앱에 문제가 많네요, 그리고 보험 공시실 화면좀 앱에서 볼수있게 해주세요"
11,2021-2-17,별표 5개 만점에 1개를 받았습니다.,1,앱이 왜실행이안되고 자꾸멈추나요ㅡㅡ 보험청구하려는데 안되서 제날짜에못하고 열받아죽겠습니다.
12,2021-2-15,별표 5개 만점에 2개를 받았습니다.,1,요즘들어 왜 이렇게 자꾸 터치하면 꺼지고 기본두번세번 눌러야 켜지니 본의아니게 짜증을 유발하네요
13,2021-2-26,별표 5개 만점에 2개를 받았습니다.,0,영어로 내부 서버 에러라는 문구가 계속떠서 이용불가합니다!
14,2021-3-30,별표 5개 만점에 1개를 받았습니다.,0,메인 화면에서 안넘어감 먹통 됨 빨리 해결요함
15,2021-2-16,별표 5개 만점에 1개를 받았습니다.,1,별하나도아까운 아니 화면이 뜨면서 정지되요 사용할수가없어요
16,2021-2-25,별표 5개 만점에 1개를 받았습니다.,0,왜이러나요....지웠다 깔아도 들어가지지조차 않네요 빠르게 처리부탁드려요
17,2021-2-26,별표 5개 만점에 1개를 받았습니다.,1,업데이트 하라고 해놓고 왜안되나요 짜증나요 다른금융기관은 이렇게까지 짜증나진 않던데 별하나도 아깝네
18,2021-3-10,별표 5개 만점에 1개를 받았습니다.,0,뭐이런 앱을 며칠째 업데이트도 안되고 설치도 안되고 전혀 관리안하는 회사네요
19,2021-2-26,별표 5개 만점에 1개를 받았습니다.,0,실행이 안되요 제거후 다시 깔았는데도 안되네요
20,2021-2-18,별표 5개 만점에 1개를 받았습니다.,1,전혀안들어갑니다 일이 되지 않게 만든 앱 다시 수정부탁드립니다
21,2021-2-18,별표 5개 만점에 1개를 받았습니다.,1,자꾸 멈춰요 두번씩실행해야하고 느리고..ㅡㅡ
22,2021-2-24,별표 5개 만점에 1개를 받았습니다.,0,진짜 계속 업데이트도 안되고 앱도 못 들어가고ㅜ
23,2021-1-17,별표 5개 만점에 1개를 받았습니다.,3,보험 가입자라 앱을 사용하고 있는데 요근래 앱을 누르면 자꾸 화면이 꺼져버립니다. 몇번이나 터치해야 겨우 한번 열리는 앱! 왜 이렇게 된건가요? 삭제 후 다시 실행해보려는데 그래도 자꾸만 꺼지면 pc로만 사용해야하니 엄청 불편함이 예상되네요. 빠른 조치 부탁 드립니다~
24,2021-2-19,별표 5개 만점에 5개를 받았습니다.,0,신속하고 간단하게 처리
25,2021-1-21,별표 5개 만점에 1개를 받았습니다.,1,기본 두번은 실행해야 실행됬었는데 2021년 되고나서는 인증후 앱이 자꾸 죽네요. 인증하고 나면 꺼지는게 반복되니 짜증이 납니다. 너무 많이 죽는데 개선은 안하시네요. 교보생명 앱담당자분 일 안하시나보네요.
26,2021-4-4,별표 5개 만점에 1개를 받았습니다.,0,로그인하려다 포기함 그냥 상담원 전화하는게 빨라요
27,2021-2-15,별표 5개 만점에 1개를 받았습니다.,0,화면이잘안열려서 불편함
28,2021-1-25,별표 5개 만점에 1개를 받았습니다.,4,계속 닫히는 현상. 앱으로 뭐 하나 청구하려면 5번 이상은 반복해야 처리가 되는듯. 너무 불편하고 시간도 많이 걸립니다.
29,2021-1-20,별표 5개 만점에 2개를 받았습니다.,3,"간편비밀번호 등록하려니 카카오 인증서 발급필요해서 하고 등록한 뒤, 로그인하니 본인인증 하라해서 신분증 정보 입력하니 다시 인증서 선택하라는데 텅 빈 화면만 계속 나오네요. 어찌해야할지요?"
30,2021-1-12,별표 5개 만점에 2개를 받았습니다.,1,앱좀 빨리 고쳐주세요. 매번 어플 켤때마다 처음은 무조건 화면이 멈추는거 볼때마다 짜증나구요. 차라리 화면 바뀌기전 예전버전이 훨씬낫네요
31,2021-2-26,별표 5개 만점에 1개를 받았습니다.,0,앱이 안열리고 자꾸 꺼지는데...열받음
32,2020-12-21,별표 5개 만점에 5개를 받았습니다.,7,제스처로 위로 밀어올려 대기해서 최근앱 보기하면 로고하면으로 바꾸는 기능 좋습니다. 그런데 제스처로 위로 밀어올려홈화면후 최근앱 보기하면 로고화면으로 안보이고 사용하던 내용이 그대로 보여집니다. 교보앱을 벗어나면 우조건 로고화면을 보이게 해주세요.
33,2021-1-23,별표 5개 만점에 1개를 받았습니다.,0,사고보험금 청구시 파일첨부가 안돼요 10장까지 첨부 가능하다고 하는데 그냥 씹힙니다 시간만 뺏기고 뭐하는건지...
34,2021-2-19,별표 5개 만점에 5개를 받았습니다.,0,편리하고 빠른 서비스 감사합니다.
35,2021-3-2,별표 5개 만점에 5개를 받았습니다.,0,왠만한 업무는 다 처리가능
36,2021-1-14,별표 5개 만점에 1개를 받았습니다.,1,로그인 등록도 안되고 계속 다운되고 진짜 엉망으로 만들었네요. 이걸 어떻게 쓰라는거야
37,2021-1-21,별표 5개 만점에 2개를 받았습니다.,2,앱개발에 신경쓰셔야 겠네요.여러번 터치해 보기도하고 제거후 재설치해도 렉 걸리네요 매우 불편해요
38,2021-2-1,별표 5개 만점에 1개를 받았습니다.,2,아니 어플이.들어가지지가 않아요 업데이트를 안해서 그런가싶어서 지금 스토어 들어왔더니 그것도아니고 그냥 무한 로딩이네요 ㅡㅡ
39,2021-2-26,별표 5개 만점에 5개를 받았습니다.,0,간단하게 편합니다.
40,2021-2-5,별표 5개 만점에 1개를 받았습니다.,1,변경되고나서 로그인조차 할수없으니 이걸 어따 쓰나요???? 왜 이러지요?
41,2021-1-13,별표 5개 만점에 1개를 받았습니다.,2,2번만에 실행되는것도 별로였는데 이제는 보다가 자꾸 앱이 꺼지네요 ㅡ.ㅡ
42,2021-1-25,별표 5개 만점에 1개를 받았습니다.,2,아니 좀 시작화면이 렉먹는것좀 고쳐봐요. 폰은 5G인데 무슨 2G 쓰는줄 알았습니다.
43,2020-12-27,별표 5개 만점에 2개를 받았습니다.,9,앱이 진행 중 수시로 먹통이 된다. 절대 한방에 모든 작업이 완료 되지 않으니 인내심을 가지고 실행 할 것을 당부 드림.
44,2021-2-4,별표 5개 만점에 1개를 받았습니다.,0,앱이 불안정 한지 중간에 자꾸 종료되는데 개선 요합니다.
45,2020-12-23,별표 5개 만점에 1개를 받았습니다.,6,공인인증서 폐지 이후 끝없이 앱이 종료되고 있습니다. 기존앱 삭제하고 다시 설치했더니 더 빨리 죽네요. 앱 수준이 참
46,2021-2-3,별표 5개 만점에 1개를 받았습니다.,1,로그인하면 바로 팅김 어쩔땐 앱 켜자마자 팅기고..관리좀해주세요 이렇게 자주 팅기는 어플 첨이예요
47,2021-2-22,별표 5개 만점에 1개를 받았습니다.,1,업데이트가안되요 계속 대기중이네요
48,2021-3-30,별표 5개 만점에 1개를 받았습니다.,0,계속 오류나요 앱관리좀 하세요 제발
49,2021-2-24,별표 5개 만점에 1개를 받았습니다.,0,앱개발좀 제발.. 어플 실행조차 계속안되면 어찌쓰라는건가요ㅠㅠ
50,2021-1-25,별표 5개 만점에 1개를 받았습니다.,2,첫화면에서 멈추면 어떻게쓰란말인데요 머가되야조회를하지요 버그를수정하던지요
51,2021-2-26,별표 5개 만점에 1개를 받았습니다.,0,왜~~연결안돼는거예요 ? 해결해주세요ㅠ
52,2021-1-8,별표 5개 만점에 5개를 받았습니다.,0,"김말례.설계사님은.회윈을.자주찻어뵙고.더구나.코로나로.힘든데도 친절하고.예절바르게.아주잘하면서 팀목괄리.에.잘하신것같아요그래서 김말례님.깨.평점를.만점를.드리고자.합니다.문, ㅣ영드림"
53,2021-1-11,별표 5개 만점에 1개를 받았습니다.,1,앱시작하고 바로 먹통 됩니다.강제로 죽여야 죽습니다.android 10 환경입니다
54,2021-2-26,별표 5개 만점에 1개를 받았습니다.,0,보험회사 앱중 미래에셋다음으로 구림
55,2021-1-27,별표 5개 만점에 1개를 받았습니다.,1,어풀이 이상합니다 지멋대로 종료되네요
56,2021-1-26,별표 5개 만점에 1개를 받았습니다.,0,접속 엄청끊기네요 설비투자 좀 하시죠
57,2021-1-27,별표 5개 만점에 1개를 받았습니다.,1,오류도 사용하기 너무 불편해요.
58,2021-2-25,별표 5개 만점에 1개를 받았습니다.,1,무슨 필수적인 사항이길래 업데이트가 뭐 이리 많은거야
59,2021-1-14,별표 5개 만점에 1개를 받았습니다.,1,요즘.왜캐 팅깁니까? 로그인하고 곧있음 팅겨요
60,2020-12-17,별표 5개 만점에 1개를 받았습니다.,6,뭐 열려야 사용하고 평가하지 수준미달이라 ..테스형 교보가 왜이래
61,2020-12-23,별표 5개 만점에 2개를 받았습니다.,2,앱실행이 잘안되고 이상하네요 화면이 멈춰있네요
62,2021-2-26,별표 5개 만점에 1개를 받았습니다.,0,쓰레기네 얍삽한보험 왜 않되냐
63,2021-1-4,별표 5개 만점에 5개를 받았습니다.,0,편리하고 처리가 신속해서 좋아요
64,2021-2-27,별표 5개 만점에 5개를 받았습니다.,0,좋아요 유용합니당
65,2021-2-15,별표 5개 만점에 5개를 받았습니다.,0,바로 처리할수있어서 너무좋아요
66,2021-3-15,별표 5개 만점에 1개를 받았습니다.,0,어플맛탱이갔어요 지금
67,2021-1-6,별표 5개 만점에 1개를 받았습니다.,1,앱이자꾸꺼지네요..재설치하래서 해보았으나 똑같네요... 확인부탁드려요.
68,2021-2-26,별표 5개 만점에 5개를 받았습니다.,0,빠르고편해요
69,2021-2-22,별표 5개 만점에 4개를 받았습니다.,0,나의 보험상황을 정확히 알 수 있어 좋아요~
70,2021-2-6,별표 5개 만점에 1개를 받았습니다.,0,지금껏 수많은 어플을 사용해 보았어도 이런 쓰레기 앱은 처음 봅니다. 구멍가게 앱도 오류가 있으면 금방 개선이 되는데 대기업에서 이런 쓰레기를 계속 방치하는 게 이해가 안 됩니다. 도대체 로그인 한번 하려면 기본 두세번은 튕겨져 나가는 게 말이 됩니까? 안 그래도 바쁜 현대인들한테.... 윗사람은 사용할 줄도 모르니 밑에서 보고 안하면 몇달째 계속되는 이 '사태'를 모를 거고 책임자나 개발자는 편히 월급받으며 지내는 것 같군요.
71,2021-2-27,별표 5개 만점에 1개를 받았습니다.,0,왜 매일 볼때마다 업데이트 하라고 합니까
72,2021-2-1,별표 5개 만점에 1개를 받았습니다.,0,점검 좀 하세요!!! 사용중에 앱이 자꾸 꺼져버려서 여러번 들어갔다 꺼졌다를 반복합니다 몇개월 된거 같은데 전혀 개선이 안되나봐요? 사용하기 너무너무너무 불편합니다
73,2021-2-26,별표 5개 만점에 1개를 받았습니다.,0,지금어플안됨 개썩었네 교보
74,2021-1-28,별표 5개 만점에 1개를 받았습니다.,0,"얼탱이가 없네....사진파일이랑 위치추적,이거 필수항목 아닌데, 앱사용하려면 확인하고 취소하라는게 말이 됩니까? 위법하고있네요?"
75,2021-2-26,별표 5개 만점에 1개를 받았습니다.,0,업그레이드 후 접속 불가
76,2021-2-18,별표 5개 만점에 1개를 받았습니다.,0,S21울트라 사용자 입니다. 어느순간부터 앱 실행후 초기화면 설명서 또는 가이드 화면에서 멈춰버립니다. 화면 터치 안됨 뒤로가기로 실행 종료도 안됩니다. 확인해주세요
77,2021-2-26,별표 5개 만점에 1개를 받았습니다.,0,절대 쓰지마세요 몇번을 지웠다 다시 깔아도 들어가지지가 않습니다. 그냥 교보생명을 보험을 들지 마세요. 그냥 보험 해지하고 다른보험으로 다시 들으러 갑니다.
78,2021-2-6,별표 5개 만점에 1개를 받았습니다.,0,이렇게 다 튕기게힐꺼면 왜 만든건지..ㅋㅋ
79,2021-1-16,별표 5개 만점에 1개를 받았습니다.,0,"앱이 로그인 할때 제개인정보 계속입력 하라고 , ' 간편 비번등록 해도 또하라고 하고 또라이 앱입니다"
80,2021-2-26,별표 5개 만점에 1개를 받았습니다.,0,아니 뭐 좀 되게해라 ㅡㅡ 어플관리안함?
81,2020-12-8,별표 5개 만점에 1개를 받았습니다.,7,추가인증 기능 제대로 만들 자신 없으면 해놓지를 말던지 문자인증10번째. 더이상 진행은 안되고 짜증나서 안할랍니다. 청구못하게 일부러 거지같이 만들어놓으신건가요?
82,2021-1-31,별표 5개 만점에 2개를 받았습니다.,0,왜 앱에 접속이 안되나요 개선해주세요
83,2021-1-28,별표 5개 만점에 1개를 받았습니다.,0,실행이 되질 않는 앱이라니.
84,2021-1-18,별표 5개 만점에 1개를 받았습니다.,0,보험 조회 하고싶은데 앱이 계속 팅깁니다. 빠른 조치 부탁드립니다
85,2021-1-1,별표 5개 만점에 1개를 받았습니다.,0,별 1점주기도 아깝네요 느리고 자주 팅기고 사용하는것도 불편하네요 보험금 대출만 잘보이고 내역이용이나 보기등이 참 이상스럽네요 솔직히 이앱 왜 만들었나 궁금해지네요
86,2020-12-29,별표 5개 만점에 1개를 받았습니다.,0,"공인인증서 등록 에러코드, 간편 비밀번호 설정도 오류 도대체 앱으로 뭘 할 수가 있는 건지 의문이 드네요 ㅋㅋ 짜증나서 그냥 지움."
87,2020-10-15,별표 5개 만점에 1개를 받았습니다.,1,아니 왜 자꾸 사진 청구오류가 납니까?며칠전만 해도 사진 첨부해서 청구하면 됬는데 똑같은 방식으로 하는데 갑자기 청구사진 오류가 나오는지요.
88,2021-2-8,별표 5개 만점에 2개를 받았습니다.,0,왜 자꾸 꺼져요? 다른 보험사는 안그러는데 교보만 그래요 ㅠㅠㅠ
89,2021-2-16,별표 5개 만점에 1개를 받았습니다.,0,앱 사용하기가 상당히 불편하네요.
90,2020-10-16,별표 5개 만점에 2개를 받았습니다.,8,다른 보험사 어플은 큐알코드 입력하면 굳이 직접 칸 안맞춰도 스캔뜬거처럼 사진에 나온던데 교보는 번거롭네요. 그리고 업데이트하고서 사진첨부 안되서 청구도 못 하고 불편하네요 빨리 좀 개선해주시죠
91,2021-2-25,별표 5개 만점에 5개를 받았습니다.,0,사용하기 편리해요
92,2020-11-15,별표 5개 만점에 1개를 받았습니다.,8,로그인하려면 공인인증서등록하래서 2번해도 안되서 지문등록하려했더니 마지막에 공인인증서등록 또 뜨면서 또 안됨 빡치네요
93,2020-11-15,별표 5개 만점에 1개를 받았습니다.,6,사진이 안 올라가고 경계선 짜른대로 안 올라가고 지맘대로 사진 짤라 버려요. 그지 같아요.돈 주기 싫다 이거지
94,2019-12-20,별표 5개 만점에 1개를 받았습니다.,5,겉으로만 그럴듯하게 만든 어플. 보험금신청 자체가 진행이 안됨. 담당컨설턴트 전화해서 만나거나 방문해서 진행해야하는 지난한 과정을 거쳐야만 보험금 수령 가능. 이럴거면 어플은 왜만든거냐? 안내책자냐? 니들이 받는 돈은 거저받는 돈이고 고객이 받는 돈은 어렵게 만들어놓은 대표적사례. 쓰레기 어플
95,2020-10-29,별표 5개 만점에 1개를 받았습니다.,3,영문이름 이면 사용 못한다는 통보를 받았습니다 교보 가입할때는 잘 받아가고 엡에어 사용 못하는건 무슨 센스인가요 돈받는건 시스템 잘 만들고 청구할때는 불편하게하는 이유궁금
96,2020-8-5,별표 5개 만점에 1개를 받았습니다.,3,교보 보험상품은 마음에드는데 어플 관리는 못하네.. 편하라고만든건지 의문. 고객센터에 전화해서 기다리는시간보다 어플 에러로인해 똑같은작업을해야하는 시간이 더 오래걸리는 신기한 현상. 콜센터 전화하면 안내음성으로 모바일창구를이용하면 더편리하다더니 세상불편. 상담사와 고객의 친밀도를높이기위해 어플을 대충만들어서 전화하게만드려는걸까. 문제점 개선하면 참 잘이용할거같은데. 수많은 리뷰들은 읽지않는걸까요
97,2020-9-17,별표 5개 만점에 1개를 받았습니다.,0,그동안 편리하고 잘되던 앱이 공인인증서로 그인했는데 왜 간편서비스 고객 대상자라며 아무것도 볼 수도 없네요. 고객플라자가서 보안카드 발급받으라 하는데. 앱 바꾼건가요? 대출상환하려구 했더만. 왜? 왜?
98,2019-6-12,별표 5개 만점에 1개를 받았습니다.,1,불편하기가 ㅠㅠ 정말엉망입니다. 일부러이렇게만들었나? 싶을정도네요. 보험청구 하지말라구요. 한번청구하려면 이거안되고저거안되고 도대체 몇일을 씨름해야되는지원 좀 개선하세요. 보험만팔지마시구요.
99,2019-5-30,별표 5개 만점에 1개를 받았습니다.,7,10분동안 동작 안하면 자동 로그아웃 할게 아니라 자동 앱 삭제를 하는게 맞는것 같은데.... 그리고 일찍 사용 하면 업무시간 아니라고 신청 못하는데~ 앱을 왜 만들었는지....? 그냥 전화로 신청을 하던지 방문 하라고 하지~
100,2019-2-8,별표 5개 만점에 1개를 받았습니다.,7,별한개도아깝습니다. 보험료납입방식도무조건 계좌이체밖에 안된다고하던데 요즘 카드결제 안되는 보험사도 있나요? 정말 무슨원시시대도아니고 나참 어플은 뭐이렇게허접해 어플들어가면 누를수있는곳도 가상자리에위치해서 무슨 조선시대 세로쓰기인줄? 누를수있게 확 펼쳐줘야할거아녜요! 답답하고만진짜. 빨리개선해달라구요 뭐 이거 복잡해서 쓰겠어요? 이러니 보험이동하려하지. 별5개씩 준것도있던데 알바쓰셨나요? 이게 무슨5개짜리라고 완전 쓰레기
101,2021-2-26,별표 5개 만점에 1개를 받았습니다.,0,작동안되요
102,2019-5-27,별표 5개 만점에 3개를 받았습니다.,3,타 보험사 어플좀 참고좀하세요. 이렇게 불편하게 만들어놓고 창구접수직원은 이제 어플있다면서 불친절하게 대함. 접수진행상황도 깜깜이고 지난 접수내역도 확인할수가 없음. 심지어 한건 접수하면 그건 처리될때까지 다음건 접수는 못함. 구색맞추려고 만든거면 창구직원이 친절하기나 하던가. 뭣도아니고. 이럴꺼면 왜 만들었니. 그나마 안만들던게 보험사들 중에 제일 늦게나마 만들어준거에 감격해서 별3개 줍니다
103,2020-7-24,별표 5개 만점에 1개를 받았습니다.,1,별하나도 아까움 .앱 다운로드도 안돼. 사이트에서 계약조회도 안돼. 어쩌라는건지..교보 점점 정내미 떨어지네...지금까지 낸 돈이 아까워 꾸역꾸역 유지하는데.. 절대로 교보생명 보험 가입하지마세요.
104,2020-7-3,별표 5개 만점에 1개를 받았습니다.,2,일부러 이렇게 만든겁니다. 보험청구 못하게. 편하면 지들 돈 그만큼 나가니까. 내친구들은 앱으로 간단하게 실비청구하던데 참나 너무 더티플레이네요. 실비 갈아탈겁니다.
105,2019-1-27,별표 5개 만점에 1개를 받았습니다.,9,진짜완전ㆍㆍㆍ쓸모없음 요새 다 모바일로 청구하는데 뜬금없이 로그아웃되고 선택사항동의안하니까 갑자기 로그아웃되고 로그인다시하려면 에러발생했다고 잠시뒤하라고하고 로그인안됨 보험사중에 제일 뒤떨어짐
106,2020-9-18,별표 5개 만점에 1개를 받았습니다.,0,사진만 첨부하려면 앱 정지됩니다. 폰 용량문제라 해서 앱 3개 삭제해도 마찬가지입니다. 앱 평가 첨 해봅니다. 정말 짜증납니다.
107,2020-6-24,별표 5개 만점에 1개를 받았습니다.,3,계약조회시 '허용되지 않는 접근방식' 이라고 접근거부하면 어쩌라는거임? 보안등록 하라는데로 다 했는데. 전산관련 faq도 없고 보험콜센터 전화하면 모를것 같은데 짜증나서 병날듯.
108,2019-10-22,별표 5개 만점에 2개를 받았습니다.,1,사진 이미지가 10장이 넘을수 없고 30메가 이하로만 등록이 가는하네요 추가 사진 첨부를 위해서 다시 보험금 청구 하려니 기존에 등록된게 있어서 안된다네요..너무 불편하네요 삼성화재는 아무 문제 없이 다되던데
109,2019-10-30,별표 5개 만점에 1개를 받았습니다.,4,엉망진창이구만 6단계에서 완료누르면 그냥빈화면..접수 자체가안됨! 어플을 뭔 이따위로 만든건지 일부러 보험금 안주려고 그런건가
110,2019-10-21,별표 5개 만점에 1개를 받았습니다.,3,기존에 잘사용하고 있었는데 업데이트하라고 해서 했더만 업데이트가 안 넘어가고 계속 돌기만 하네요 왜 안넘어가는걸까요?
111,2019-9-23,별표 5개 만점에 1개를 받았습니다.,1,별하나도 아깝씁니딘 보험금 청구하려니 마지막 6 단계에서 안돼네요 어플 지우고 다시 깔라해서 그렇게도 해보고 콜센터에 전화도 해보고. . 전보다 훨씬 안좋아졌습니다 예전엔 제대로 접수 되기는했는데~예전꺼로 돌려주십쇼
112,2019-1-24,별표 5개 만점에 1개를 받았습니다.,1,"어플 유치원생이 만들었나요?, 어플이 아주 허접하네요 아. 몇번이나 자동로그아웃되고 시간엄청잡아먹네요. 쓰지않는게 정신건강에 도움될듯"
113,2020-7-6,별표 5개 만점에 1개를 받았습니다.,3,"이건 아니죠. 공인인증서도 인식 못해, 그렇다고 간편비밀번호도 안돼. 내 폰이 문제인가해서 다른데 해보면 거기는 잘 되고. 앱이 간편하려고 쓰는건데. 수정 좀 해 주세요"
114,2019-11-6,별표 5개 만점에 1개를 받았습니다.,5,"공인인증서로 로그인해도 간편로그인서비스 내용만 사용할수있다면서 서비스 제한 걸던데, 기본적인 계약내용 조회도 안나오는 이딴 앱을 누가 만든겁니까?"
115,2020-9-9,별표 5개 만점에 1개를 받았습니다.,1,"해지환급금 조회안되게 바꾼거 실화입니까? 너무 불편하고 기능도 없고 느리고 오류도 많고, 개선은 하지도 않으니 이거 별점이 아깝습니다!"
116,2021-3-13,별표 5개 만점에 1개를 받았습니다.,0,본인인증 자체가 안됨
117,2020-1-22,별표 5개 만점에 1개를 받았습니다.,1,쓰래기인가? 공인인증서가 없서 다른방법으로 로그인 하려는대 게속 똑같은거 반복만하게 해놨네 . 공인인증서 까먹으면 보험 계약도 확인 못하겟군.
118,2020-10-31,별표 5개 만점에 1개를 받았습니다.,0,아니 실행도 안되고 머 이렇게 만듭니까? 교보생명이 구멍가계도 아니고 너무 짜증나네요
119,2020-9-15,별표 5개 만점에 1개를 받았습니다.,0,"켜지지도 않고, 켜저도 로그인 안되고, 로그인 해도 오류 많이나고, 이유도 모른체 로그아웃만 계속되는 거지같은 어플"
120,2020-1-29,별표 5개 만점에 3개를 받았습니다.,6,다른건 다 괜찮은데 보험금청구할 때 약관 체크 누르는 부분에서 필수사항이 아닌 선택사항을 체크하지 않아도 다음 창으로 넘어가지질 않네요
121,2018-12-26,별표 5개 만점에 2개를 받았습니다.,6,앱 구동이 너무 잘 안 되는데요.. 개선 좀 부탁 합니다. 수시로 멈추고 종료도 안 되서 강제종료 해야되고 그래요.
122,2020-7-29,별표 5개 만점에 1개를 받았습니다.,1,촬영 이 안돼요. 앱이 중지됨 왜그런가요 옛날엔 잘됐는데~ ㅠ 5번을 다시 하고 앱 다시 깔아바도 역쉬 안됌. 짜증!!!
123,2020-8-4,별표 5개 만점에 1개를 받았습니다.,2,사진첨부가 안되요 계속 저장방식 바꿔서올리라고하는데 다른곳은 잘만되는데 교보는 간편하게 못하게 일부러 그러는건가요
124,2019-2-1,별표 5개 만점에 1개를 받았습니다.,6,고객센터 통화가 어려워 어플을 깔았는데 이건 공인인증서가 없으면 쓸수가 없네요 보험료 납부르로해야하는데 지방이라 대리점도 어디있는지 모르겠고 교보생명 계약유지가 너무어려워요
125,2020-2-9,별표 5개 만점에 1개를 받았습니다.,9,변액보험 수익률은 제시하지 않는군요 타보험사는 수익률까지 다 나옵니다 앱을 업그레이드 시킬땐 타행의 좋은점도 고려하시면 좋겠습니다.
126,2021-2-21,별표 5개 만점에 3개를 받았습니다.,0,잘쓰고있어요
127,2021-2-27,별표 5개 만점에 1개를 받았습니다.,0,돈관리하는 어플이 이따위라니...이렇게 만들어놓고 돈받아갔겠지..
128,2020-9-29,별표 5개 만점에 1개를 받았습니다.,0,아니 진짜 공인인증서 등록 끝까지 다하면 서비스 이용이 지윈된다고 다시 하라는데 언제까지 다시해야 하는건가요? 귀찮게 계속 다시 반복해서 어렵게 끝까지 하면 계속 그러네ㅡㅡ
129,2019-6-14,별표 5개 만점에 1개를 받았습니다.,3,아니 애초에 깔고 권한주는창에서 흰색으로만 표시되고 그이상 안넘어감. 진짜 뭐 이딴어플이 다있지? 열받는다 진짜
130,2018-11-19,별표 5개 만점에 1개를 받았습니다.,2,이 앱을깔고 교보생명 보험을 해지했습니다 간편비밀번호도 계속 오류뜨고 잠시후 시도하라는말만 계속뜨네요 다른보험사로 옮깁니다
131,2019-10-22,별표 5개 만점에 1개를 받았습니다.,0,어플 똑바로 좀 못만드나요? 보험금 안줄려고 별 꼼수를 다떠네요...사진은 맨날 안보인다..
132,2020-2-21,별표 5개 만점에 1개를 받았습니다.,2,"안드9 아직 지원안하나요?흰 화면만 가득하네요. 별점5점 주신분들은 직원들 맞으시죠? 안드 예전 버전으로 된 갤탭으로 확인하셔서 나오는건가? 아님 그냥 회사지침이라서? 일반분들 안된다고 한 날짜보면 몇달 전부터 그러던데, 업뎃 의지가 없나요?"
133,2020-10-19,별표 5개 만점에 1개를 받았습니다.,2,지난주부터 안되는어플이 언제쯤 되나요!!
134,2020-9-16,별표 5개 만점에 1개를 받았습니다.,0,서류가많은데 사진다찍어서 올리면 계속오류뜨고 세번째 다시사진 올리다가 개빡쳐서 폰던질뻔ㅡㅡ그냥 보험사직접가세요 다들 욕나옵니다
135,2020-6-23,별표 5개 만점에 1개를 받았습니다.,2,앱으로 보험료 청구하다가 접수완료단계에서 버퍼링 걸리고 오류뜨고 5번 한듯. 결국 포기
136,2019-1-26,별표 5개 만점에 1개를 받았습니다.,5,로그인이 안되고 인증센터화면도 진행불가... 보험료받아서 쓰레기만들어놨네 ㅉㅉ
137,2020-4-6,별표 5개 만점에 1개를 받았습니다.,1,아니 ㅋㅋㅋㅋ 회원가입하는데 자꾸 주민번호 확인하라하네 ㅋㅋㅋ 10번 쳐봤다. 진짜 번호하나하나 다확인했다. 빈공간도 없다. 앱 왜만듬 ㅋ
138,2019-11-17,별표 5개 만점에 1개를 받았습니다.,2,지금 어플만들어가면 오류걸려서 들어가지지가 않는데 몇일동안 수정도 안하고 뭐하고있나요?
139,2019-6-10,별표 5개 만점에 1개를 받았습니다.,2,업데이트가 안된건지 정말 보기 힘드네요 교보생명이 어플 관리를 이렇게 안하나요 정말 실망스럽습니다....
140,2019-4-28,별표 5개 만점에 1개를 받았습니다.,1,"3일동안 간편, 지문 로그인 설정이 안되고 도대체 언제 사용 할수 있나요? 인증번호는 17번 받았는데 앱을 만들지나 말지"
141,2020-9-23,별표 5개 만점에 1개를 받았습니다.,1,앱 실행이 안되네요. 삭제하고 다시 다운하고 실행해도 똑 같은 현상이 발생합니다.
142,2020-10-26,별표 5개 만점에 1개를 받았습니다.,0,어플이 안되요 ㅎㅎㅎ 빨리좀해결해주세요
143,2018-10-26,별표 5개 만점에 5개를 받았습니다.,6,보험계약대출 및 찾는 부분을 신속하고 정확하게 빨리 알아볼 수 있는 장점이 있다!!
144,2020-5-26,별표 5개 만점에 1개를 받았습니다.,4,앱좀 업데이트하시죠.... 이건 뭐 자주 로그아웃되고 정말 쓰고싶을때 잘 안됩니드. 별 하나도 아깝네요
145,2020-6-21,별표 5개 만점에 1개를 받았습니다.,0,최소 9% 보통 13%라던 수익율이....매달 10년을 변액적금으로 넣었는데 사업비만 떼가고 만기엔 마이너스네요. 핑퐁만 하고 얘기를 하든 말든 신경 안쓰는...소비자 등쳐서 사는 회사. 앱도 서비스도 모든게 뒤떨어져 있는 망할 회사
146,2019-11-18,별표 5개 만점에 1개를 받았습니다.,0,앱이 업데이트 이후로 실행자체가안되요 왜이러나요 빨리해결해주세요
147,2020-9-15,별표 5개 만점에 1개를 받았습니다.,2,뭔 인증서로 로그인 해도 간편 로그인이라 그러고 보험금 청구도 못하고 홈페이지도 안돼 개 엉망진창이네
148,2020-3-11,별표 5개 만점에 1개를 받았습니다.,4,안드로이드 업뎃후 로그인창가면 어플 강제종료됩니다 빨리좀 고쳐주세요 ㅡㅡ
149,2020-4-12,별표 5개 만점에 3개를 받았습니다.,1,앱이 하얀색만 나오네요 데이터 삭제하고 앱 종료 후에 다시 로그인 시도하니 되긴합니다 오류가 좀 잦네요
150,2019-5-5,별표 5개 만점에 1개를 받았습니다.,2,어플 진짜 뭐같이 만들었네. 진행하다 계속 자동로그아웃되고.
151,2020-8-24,별표 5개 만점에 1개를 받았습니다.,3,다 불편함. 로그인.인터페이스.속도.오류 등등
152,2019-7-31,별표 5개 만점에 1개를 받았습니다.,0,어플좀 잘만드세요.다운도 안되고 어쩌라는겁니까? 보험 접수를 하지말라는건지..
153,2020-4-16,별표 5개 만점에 1개를 받았습니다.,2,다운이 안됨..20분이 지나도 다운이 안되는 어플은 처음인듯..
154,2019-1-16,별표 5개 만점에 3개를 받았습니다.,2,아직 안드로이드 파이 지원을 제대로 안하네요. 빠른 시일내에 지원해주면 좋겠네요
155,2019-11-15,별표 5개 만점에 1개를 받았습니다.,1,업데이트 후 앱이 실행되지 않고 그냥 꺼져서 페이지를 열 수가 없습니다
156,2020-9-30,별표 5개 만점에 1개를 받았습니다.,0,왜어플실행이안되나요 얼마전까지만해도됐는데 ~~~
157,2019-11-17,별표 5개 만점에 3개를 받았습니다.,5,보험료 청구할 때 사용했는데 오늘부터 앱이 안열려요 삭제후 다시 깔기 열기도해봤는데 왜 그럴까요???
158,2020-11-3,별표 5개 만점에 1개를 받았습니다.,0,어플이 들어가지지도 않는데... ㅋㅋㅋㅋㅋㅋㅋㅋ 미쳐버리겠네
159,2019-3-15,별표 5개 만점에 1개를 받았습니다.,1,갑자기 v3가 작동하지 않는다며 앱이 계속 꺼지네요 왜이러는 겁니까
160,2020-3-30,별표 5개 만점에 1개를 받았습니다.,2,별 1개도 아깝네요. 어플은 왜 만드신거죠? 화면이 그저 하얀색으로만 보이네요. 갤S8 입니다.
161,2020-9-28,별표 5개 만점에 1개를 받았습니다.,1,앱이 왜 실행이 안되고 종료되는겁니까?빨리개선해주세요
162,2020-6-23,별표 5개 만점에 1개를 받았습니다.,1,이상은 좋으나 현실은 시궁창. 보험계약 조회가 왜 안되는지?
163,2020-3-24,별표 5개 만점에 2개를 받았습니다.,1,콜센터 전화가 하도 안되서 여기로 들어왔더니 여기도 엉망이네 ㅜ.ㅜ
164,2020-2-27,별표 5개 만점에 5개를 받았습니다.,1,"내가 가입한 보험 ,보장,청구 등 편리하게 할수 있어서 좋아요^^"
165,2020-1-13,별표 5개 만점에 5개를 받았습니다.,0,편리하고 간단해서 좋아요 사용자에게 편리하게 되어있어요
166,2019-11-17,별표 5개 만점에 1개를 받았습니다.,0,업데이트한다고 하고 그 이후에 앱실행이 전혀 안되요 벌써 4일째 안됩니다 정말 미쳐버리겠어요
167,2019-11-18,별표 5개 만점에 1개를 받았습니다.,1,실행 오류 수정한거 맞아요? 계속 튕겨지는데??
168,2020-9-29,별표 5개 만점에 1개를 받았습니다.,1,자꾸 앱중지되서 새로 설치해도 같은데 왜그런거에요. 갑자기 안돼네요 짜증
169,2019-11-15,별표 5개 만점에 1개를 받았습니다.,3,안깔려요.ㅠㅜ 자꾸 튕겨요. 잘 사용중이였는데..
170,2018-10-9,별표 5개 만점에 1개를 받았습니다.,1,제대로 활용어려움. 계속같은 메뉴얼반복
171,2019-1-12,별표 5개 만점에 1개를 받았습니다.,6,계약건 확인버튼 누를때마다 로그아웃 지금껏 최악의 어플
172,2021-3-8,별표 5개 만점에 5개를 받았습니다.,0,한눈에 확인가능해서 좋음
173,2020-12-17,별표 5개 만점에 5개를 받았습니다.,0,비밀번호 모르겠네요.어떻하나요~내가 가입한거 내용도 잘모르겠네요
174,2020-7-5,별표 5개 만점에 1개를 받았습니다.,5,업뎃후 파일첨부도 안되고 실비청구 하지말라구요?개선좀 해주세요.
175,2019-4-16,별표 5개 만점에 1개를 받았습니다.,2,"깔아도 ""열기""가 클릭이 안되네요...이런 된장..."
176,2020-8-5,별표 5개 만점에 1개를 받았습니다.,2,왜 실컷사진찍어서 올리면 첨부가 안된데 장난하는것도 아니고 왜 다른보험사처럼 못하죠?
177,2019-9-27,별표 5개 만점에 1개를 받았습니다.,2,이번 업데이트 후 보험 보장내용이 조회 안되네요.
178,2020-7-20,별표 5개 만점에 1개를 받았습니다.,4,사진첨부가 안되고 시진숫자 제한좀 플어주시오 쓰다보면 짜증나서 더 병 생기것소
179,2020-7-13,별표 5개 만점에 1개를 받았습니다.,2,보험금청구하려는데 업데이트가 하루종일 끝이 안나네요 어쩌라는건지~~!!!
180,2019-10-21,별표 5개 만점에 5개를 받았습니다.,0,보험 청구. 가입내역. 납부까지 간편하게 할수있어 정말 좋은것같아요.
181,2020-7-17,별표 5개 만점에 1개를 받았습니다.,3,아니 재설치해도 안되고 그냥 흰 회면에서 진행이 되질 않음
182,2020-7-3,별표 5개 만점에 1개를 받았습니다.,2,갑자기 사진촬영은 왜 안됩니까.ㅡㅡ 짜증나죽겟네
183,2021-1-3,별표 5개 만점에 1개를 받았습니다.,0,앱이 진짜 똥덩어리네요 ㅡㅡ 뭐만하려면 계속 앱종료되고
184,2021-2-26,별표 5개 만점에 1개를 받았습니다.,0,이틀째 실행안되는 앱 ᆢ 한심하네요
185,2020-3-31,별표 5개 만점에 1개를 받았습니다.,1,로그인이안됨 몇달전도안되더니 아직도안됨
186,2020-4-17,별표 5개 만점에 1개를 받았습니다.,0,와 보험사 앱이 보험청구를 못한다 기적의 앱이네
187,2019-7-29,별표 5개 만점에 1개를 받았습니다.,9,지우고 다시 설치해도 빈 화면만 나와요.
188,2019-1-30,별표 5개 만점에 1개를 받았습니다.,0,계좌인증시계속오류가납니다 개선해주세요
189,2019-6-2,별표 5개 만점에 1개를 받았습니다.,4,v3켜지고 흰색화면에서 안넘어가는데 어떡해야하죠
190,2021-1-20,별표 5개 만점에 1개를 받았습니다.,0,사용도중 계속 중단됨
191,2020-6-12,별표 5개 만점에 2개를 받았습니다.,1,로그인을 하려하면 계속 어플이 꺼져요 왜그러는걸까요?
192,2019-7-4,별표 5개 만점에 1개를 받았습니다.,0,실비청구하다가 개빡침 몇번을튕기는거냐 쓰레기
193,2020-9-22,별표 5개 만점에 1개를 받았습니다.,2,앱이 아예 열리지 않음. 진짜 짜증나.
194,2019-1-28,별표 5개 만점에 1개를 받았습니다.,0,너무 느려터져서 짜증나요~!!
195,2021-2-26,별표 5개 만점에 1개를 받았습니다.,0,실행 안되고 자꾸 에러뜸 돈안줄라고 일부러 그럼?
196,2020-1-3,별표 5개 만점에 2개를 받았습니다.,0,느리고 자주 오류가나요
197,2019-9-16,별표 5개 만점에 1개를 받았습니다.,4,간편비밀번호는 카카오페이 인증도 안되고 지문인증은 그앱에서 실행도 안되고 에휴
198,2021-1-11,별표 5개 만점에 1개를 받았습니다.,0,사용하는데 계속 서버에러 라고뜹니다
199,2019-3-22,별표 5개 만점에 1개를 받았습니다.,4,로그인이 안되고 꺼져버려요..
200,2020-7-7,별표 5개 만점에 1개를 받았습니다.,1,이렇게 불편하면 보험갈아타야될거같아요;;
201,2020-1-15,별표 5개 만점에 1개를 받았습니다.,1,실행자체가 불가능한앱이네요 별점어떻게올린거임
202,2020-10-9,별표 5개 만점에 4개를 받았습니다.,1,보험청구가 간편해서 좋아요
203,2020-6-11,별표 5개 만점에 3개를 받았습니다.,0,v3지우고 재설치하니 되네요 참내 이런 내용을 써주시면 좋겠네요
204,2020-5-4,별표 5개 만점에 5개를 받았습니다.,1,설계사가설명을쉽게잘합니다
205,2019-2-20,별표 5개 만점에 1개를 받았습니다.,2,업뎃도 안되고 제거도 안되고 열리지도않고
206,2019-9-19,별표 5개 만점에 1개를 받았습니다.,2,흰색에서 안넘어감. 설치 삭제 설치 똑같음
207,2019-11-18,별표 5개 만점에 3개를 받았습니다.,0,업데이트후 로 그냥 앱을중지했습니다 이렇게떠요 빨리수정해줘요
208,2019-8-18,별표 5개 만점에 1개를 받았습니다.,0,업데이트도안되고 설치도안되고...젠장
209,2020-6-15,별표 5개 만점에 1개를 받았습니다.,0,앱도 오류마니나공 대출이자도 비싸고^^
210,2020-12-28,별표 5개 만점에 1개를 받았습니다.,0,앱이 왜 자꾸 꺼지는거죠...?
211,2019-3-5,별표 5개 만점에 5개를 받았습니다.,1,좋은데 속도가 느려요
212,2020-2-26,별표 5개 만점에 1개를 받았습니다.,1,접속이 안되며 오류가잦음
213,2020-1-18,별표 5개 만점에 4개를 받았습니다.,6,좋습니다. 가끔 오류나는 거 빼고는요
214,2020-11-10,별표 5개 만점에 1개를 받았습니다.,0,이거해라 저거해라 불편의 끝판!! 딱 회사 인지도만큼 어플꼬라지인듯...
215,2020-4-16,별표 5개 만점에 1개를 받았습니다.,1,진짜 로딩 너무 화나게 하네요
216,2021-2-18,별표 5개 만점에 5개를 받았습니다.,0,사용하기 편해요
217,2020-4-24,별표 5개 만점에 1개를 받았습니다.,0,쓰라고 만든게 맞나요 흰화면만 나오는데
218,2019-12-24,별표 5개 만점에 1개를 받았습니다.,2,마지막 업데이트 이후로 흰화면만 뜸
219,2019-3-3,별표 5개 만점에 5개를 받았습니다.,0,보기쉽고편해요
220,2020-6-26,별표 5개 만점에 1개를 받았습니다.,0,하얀 화면만 뜨는데 지원이 안되는건가요?
221,2020-2-21,별표 5개 만점에 5개를 받았습니다.,0,실비청구해봤는데 괜찮았어요
222,2020-4-9,별표 5개 만점에 1개를 받았습니다.,0,다운로드도안되는거 왜 만듬
223,2019-5-24,별표 5개 만점에 1개를 받았습니다.,4,redminote7 에서 보험금청구 마지막6페이지에서 넘어가지가 않습니다.
224,2020-1-23,별표 5개 만점에 5개를 받았습니다.,0,간단하게 볼수있어서좋아요
225,2019-11-14,별표 5개 만점에 1개를 받았습니다.,2,앱이자꾸중단되는이유가뭘까요?몇시간째그러네요뭘할수가없네요
226,2019-12-14,별표 5개 만점에 5개를 받았습니다.,0,로딩. 잘 안되네요
227,2020-11-22,별표 5개 만점에 1개를 받았습니다.,0,보험사중 교보만 제일 불편........
228,2020-11-25,별표 5개 만점에 1개를 받았습니다.,0,어플이 안 열려요.. 연관된 보안프로그램이 있는건가요? 열려야 뭘 하는데...
229,2021-3-27,별표 5개 만점에 1개를 받았습니다.,0,왜 안열릴까요ㅠ
230,2021-2-18,별표 5개 만점에 2개를 받았습니다.,0,앱이 아예 안깔리는 건 뭔가요 ㅡㅡ
231,2019-11-18,별표 5개 만점에 1개를 받았습니다.,0,전혀 실행이 안되는데 무슨 문제인건지??
232,2021-2-25,별표 5개 만점에 1개를 받았습니다.,0,아니 왜 안켜지는거야ㅡㅡ
233,2020-10-12,별표 5개 만점에 1개를 받았습니다.,1,몇일째 실행조차 안되는중 별주는 알바에게 낚이지 말것
234,2019-12-4,별표 5개 만점에 1개를 받았습니다.,0,설치가되야 뭘하든말든 하지 에휴
235,2020-9-5,별표 5개 만점에 3개를 받았습니다.,0,첨부파일 업로드가 안되고 자꾸 다운되요.
236,2020-11-1,별표 5개 만점에 1개를 받았습니다.,1,앱 자체가 실행되지 않음
237,2020-2-27,별표 5개 만점에 2개를 받았습니다.,0,개느림. 클릭한번에 10초씩 걸리니 인내심이 필욬ㅋㅋ
238,2019-4-16,별표 5개 만점에 5개를 받았습니다.,1,계약 관리용으로 유용합니다.
239,2020-7-21,별표 5개 만점에 5개를 받았습니다.,1,넘 편하고 좋아요~
240,2021-2-25,별표 5개 만점에 1개를 받았습니다.,0,s사 어플보다 훨씬별로
241,2020-11-5,별표 5개 만점에 4개를 받았습니다.,0,편리해서 좋아요
242,2020-2-20,별표 5개 만점에 1개를 받았습니다.,0,열려야 쓰죠.. 이건 왜만든거죠
243,2021-3-31,별표 5개 만점에 1개를 받았습니다.,0,앱이 다운로드가 되야 받지요~~~
244,2020-10-9,별표 5개 만점에 1개를 받았습니다.,0,왜 계속 중지가 되는지...이거 관리자는 안되는거 아는지
245,2019-9-10,별표 5개 만점에 1개를 받았습니다.,1,완전불편.멈추긴왜케 자주멈춤?
246,2020-10-20,별표 5개 만점에 1개를 받았습니다.,0,업데이트가 하세월이네. 깝깝하다.
247,2020-10-12,별표 5개 만점에 1개를 받았습니다.,0,앱을키면 백지상태가되네요. 아무것도안됨
248,2018-12-11,별표 5개 만점에 5개를 받았습니다.,0,정렬이 독감 호되게 혼남 나야겠지
249,2019-7-30,별표 5개 만점에 1개를 받았습니다.,0,다운로드 무한대기중이네요
250,2021-3-18,별표 5개 만점에 5개를 받았습니다.,0,믿을수있음
251,2019-3-8,별표 5개 만점에 1개를 받았습니다.,2,별한개도아까움.
252,2020-4-8,별표 5개 만점에 1개를 받았습니다.,0,참 이어플 다운로드도 안돼네요? 이런거 왜만들어 났나요?
253,2019-2-2,별표 5개 만점에 1개를 받았습니다.,0,앱이 작동이 안되네 업뎃은 왜하는건지...
254,2021-3-18,별표 5개 만점에 4개를 받았습니다.,0,ㅂ픈ㆍㅊㄱ디빚ㄱㅅㆍㄴㄱㄴㅗㅇㆍㅡㄱ
255,2018-10-16,별표 5개 만점에 3개를 받았습니다.,9,실행이 안되네요
256,2021-2-25,별표 5개 만점에 1개를 받았습니다.,0,앱을 관리는 하는지~~
257,2020-9-22,별표 5개 만점에 5개를 받았습니다.,0,"생각치도 않았던 돈이 입금 된적 있음,레알 ^_^"
258,2021-1-1,별표 5개 만점에 2개를 받았습니다.,0,빈번하게 강제 종료됨
259,2019-11-17,별표 5개 만점에 5개를 받았습니다.,0,11월 17일 오후 접속이 안되내요 ㅡㅡ
260,2018-11-29,별표 5개 만점에 1개를 받았습니다.,3,본인 핸드폰이 아니면 안대는거 불편~~
261,2020-12-8,별표 5개 만점에 1개를 받았습니다.,0,앱 실행도 안됨
262,2020-9-3,별표 5개 만점에 1개를 받았습니다.,0,쓰레기네... 어플의 의미가 없네
263,2021-2-17,별표 5개 만점에 5개를 받았습니다.,0,편하게 거래할수있네요
264,2020-1-6,별표 5개 만점에 1개를 받았습니다.,0,쓰레기어플 청구불가 아무것도안나옴
265,2020-12-2,별표 5개 만점에 1개를 받았습니다.,0,공인인증서 등록도안되요
266,2019-3-25,별표 5개 만점에 1개를 받았습니다.,2,피보험자로 가입된 보험은 안뜸
267,2021-2-26,별표 5개 만점에 4개를 받았습니다.,0,편 리 함
268,2018-11-19,별표 5개 만점에 5개를 받았습니다.,4,날마다 좋은날 되세요^^~
269,2019-12-4,별표 5개 만점에 5개를 받았습니다.,0,사용하기 너무편안해요
270,2019-11-15,별표 5개 만점에 2개를 받았습니다.,2,앱이 왜 자꾸에러가 나나요 자꾸닫아집니다
271,2021-2-25,별표 5개 만점에 1개를 받았습니다.,0,오류-------시러요
272,2019-11-16,별표 5개 만점에 1개를 받았습니다.,0,앱실행이 계속 안되네요ㅜ
273,2020-6-25,별표 5개 만점에 1개를 받았습니다.,0,이용하지 말라고 만든 것 같음
274,2020-3-23,별표 5개 만점에 1개를 받았습니다.,0,앱도 꾸져 고객센터 전화도 안받어 개판임
275,2020-9-26,별표 5개 만점에 1개를 받았습니다.,1,접속이 아예안됨
276,2020-3-4,별표 5개 만점에 1개를 받았습니다.,0,업데이트가 안되네요.
277,2019-11-17,별표 5개 만점에 1개를 받았습니다.,0,자꾸꺼져요 개선좀
278,2020-7-8,별표 5개 만점에 1개를 받았습니다.,1,계속 업뎃하라고만 나오고 그 이후로 안됨.. 어쩌자는거죠?
279,2019-11-2,별표 5개 만점에 4개를 받았습니다.,2,편리하게 잘 사용하고 있습니다.감사합니다.
280,2019-11-18,별표 5개 만점에 1개를 받았습니다.,0,앱실행이 안됨
281,2020-8-2,별표 5개 만점에 1개를 받았습니다.,0,생명사는 가입하는게 아닙니다.
282,2020-5-25,별표 5개 만점에 1개를 받았습니다.,0,구동안돼는앱은왜개발한거야
283,2019-3-18,별표 5개 만점에 4개를 받았습니다.,1,편리해 졌어요^^
284,2018-12-24,별표 5개 만점에 1개를 받았습니다.,1,다운로드 자체가 안됨
285,2019-6-21,별표 5개 만점에 1개를 받았습니다.,0,이런 어플을 만들어 배포하는 회사에 가입한 내가 한심스럽다.
286,2019-2-28,별표 5개 만점에 1개를 받았습니다.,0,실행이 안 됨
287,2019-11-16,별표 5개 만점에 1개를 받았습니다.,1,안열려요 짜증나게
288,2020-6-26,별표 5개 만점에 5개를 받았습니다.,0,편리해요~~~♡
289,2020-3-10,별표 5개 만점에 5개를 받았습니다.,0,그냥 잘쓸게요
290,2019-11-18,별표 5개 만점에 1개를 받았습니다.,0,왜 자꾸 종료가ㅜ돼나요?
291,2020-4-14,별표 5개 만점에 5개를 받았습니다.,0,편리함~상세한정보~~
292,2020-3-6,별표 5개 만점에 2개를 받았습니다.,0,업데이트가 안되요
293,2020-9-15,별표 5개 만점에 1개를 받았습니다.,0,뭐 이런 거지같은 앱이 다 있는지..
294,2020-6-24,별표 5개 만점에 1개를 받았습니다.,0,업댓하고 오류...
295,2019-6-3,별표 5개 만점에 1개를 받았습니다.,0,쓰레기같은 어플임
296,2021-2-26,별표 5개 만점에 1개를 받았습니다.,0,업 잘 안 됨
297,2020-10-13,별표 5개 만점에 3개를 받았습니다.,0,앱실행이 안되요
298,2020-9-1,별표 5개 만점에 5개를 받았습니다.,0,편리하네요
299,2021-1-14,별표 5개 만점에 1개를 받았습니다.,0,계속 꺼져요
300,2020-10-15,별표 5개 만점에 5개를 받았습니다.,0,아주좋아요
301,2019-11-16,별표 5개 만점에 1개를 받았습니다.,0,11월14일 업뎃이후 실행 안됨
302,2019-11-17,별표 5개 만점에 1개를 받았습니다.,0,아예 안들어가져요
303,2019-9-9,별표 5개 만점에 1개를 받았습니다.,0,저만 다운안되는건가요...?
304,2020-3-20,별표 5개 만점에 3개를 받았습니다.,0,사용안했응
305,2021-2-17,별표 5개 만점에 1개를 받았습니다.,0,왜 안되냐구요 ㅜㅡ
306,2019-11-30,별표 5개 만점에 5개를 받았습니다.,0,매우 좋아요
307,2020-11-18,별표 5개 만점에 5개를 받았습니다.,0,끼겠습니다 끼겠습니다 ㅢㅣㅐㅓㅋㆍㅣ
308,2020-7-17,별표 5개 만점에 1개를 받았습니다.,0,그냥 돈주세요
309,2018-10-23,별표 5개 만점에 5개를 받았습니다.,2,도움이 될거같아요
310,2020-9-29,별표 5개 만점에 4개를 받았습니다.,0,ㅡㅡㅡ 이 때문에 이 1ㅅ0ㅅ6ㅂ1ㅌㄷ트
311,2019-11-18,별표 5개 만점에 1개를 받았습니다.,0,앱이 안깔림
312,2020-6-25,별표 5개 만점에 5개를 받았습니다.,0,편리해여~~
313,2020-9-16,별표 5개 만점에 1개를 받았습니다.,0,앱이 자꾸 튕겨요
314,2019-7-3,별표 5개 만점에 1개를 받았습니다.,0,다운이안됨ㅡㅡ
315,2020-2-6,별표 5개 만점에 3개를 받았습니다.,0,그는ㄴㆍㄴㄱㄴㄱ기
316,2020-9-12,별표 5개 만점에 5개를 받았습니다.,0,감사합니다^^
317,2018-11-25,별표 5개 만점에 5개를 받았습니다.,4,사용해볼께요
318,2020-5-26,별표 5개 만점에 1개를 받았습니다.,0,한개도 아까비
319,2018-10-17,별표 5개 만점에 5개를 받았습니다.,6,사용해보구요
320,2021-4-8,별표 5개 만점에 5개를 받았습니다.,0,"[오뚜기 X 집에서먹자] 라이브방송 무료배송 + 8,000원 상당의 쿠폰까지 오늘 오후 7시 30분 집에서 먹자 라이브 방송 특가 너무 맛있어서 뒤로 빼돌린 뒷고기 4종 선공개 합니다 '뒷고기 처음 먹어봐요' '코로나라 외식을 못해요' '저렴한 가격으로 사고싶어요' '담백한 맛을 느끼고 싶어요' '뒷고기를 정말 좋아해요' '캠핑 요리 추천해주세요' 0ㅂ 방송 시청하시고 오뚜기와 함께 하는 증정 이벤트까지 고객님들을 위해 준비했습니다! 이런 기회 또 없습니다"
321,2021-2-26,별표 5개 만점에 5개를 받았습니다.,0,편하네요
322,2021-3-31,별표 5개 만점에 5개를 받았습니다.,0,신속 정확
323,2021-3-26,별표 5개 만점에 5개를 받았습니다.,0,좋네요
324,2021-2-26,별표 5개 만점에 5개를 받았습니다.,0,굿
325,2021-2-26,별표 5개 만점에 4개를 받았습니다.,0,좋아요
326,2021-2-20,별표 5개 만점에 5개를 받았습니다.,0,고맙습니다
327,2021-2-20,별표 5개 만점에 4개를 받았습니다.,0,선택
328,2021-2-19,별표 5개 만점에 1개를 받았습니다.,0,잘안됨
329,2021-2-20,별표 5개 만점에 5개를 받았습니다.,0,너무편리합니다
330,2021-2-19,별표 5개 만점에 1개를 받았습니다.,0,매우느림
331,2021-2-19,별표 5개 만점에 5개를 받았습니다.,0,좋아요
332,2021-2-19,별표 5개 만점에 5개를 받았습니다.,0,굿
333,2021-2-26,별표 5개 만점에 5개를 받았습니다.,0,일라레콜로로
334,2021-3-5,별표 5개 만점에 5개를 받았습니다.,0,업데이트하세요
335,2021-2-9,별표 5개 만점에 4개를 받았습니다.,0,굿
336,2020-11-14,별표 5개 만점에 5개를 받았습니다.,0,1) . ... ....... . .. H .............mc
337,2020-10-12,별표 5개 만점에 1개를 받았습니다.,0,안고침?
338,2020-10-15,별표 5개 만점에 5개를 받았습니다.,0,편의성 굿
339,2020-11-10,별표 5개 만점에 1개를 받았습니다.,0,짜증
340,2020-7-16,별표 5개 만점에 1개를 받았습니다.,1,에러뜨네요..
341,2020-8-9,별표 5개 만점에 5개를 받았습니다.,0,편해
342,2020-7-26,별표 5개 만점에 1개를 받았습니다.,0,심각함....
343,2020-7-2,별표 5개 만점에 1개를 받았습니다.,0,오류 많음
344,2020-11-22,별표 5개 만점에 5개를 받았습니다.,0,편함
345,2020-6-18,별표 5개 만점에 5개를 받았습니다.,0,좋아요
346,2020-12-17,별표 5개 만점에 1개를 받았습니다.,1,최악임 ㅡㅡ
347,2020-3-1,별표 5개 만점에 2개를 받았습니다.,0,별로임
348,2020-2-17,별표 5개 만점에 5개를 받았습니다.,0,굿.!
349,2020-2-29,별표 5개 만점에 5개를 받았습니다.,0,편함
350,2020-1-10,별표 5개 만점에 5개를 받았습니다.,0,편리합니다.
351,2020-1-15,별표 5개 만점에 5개를 받았습니다.,0,좋아요
352,2020-3-29,별표 5개 만점에 5개를 받았습니다.,0,굿
353,2020-1-11,별표 5개 만점에 5개를 받았습니다.,0,좋아요
354,2019-11-29,별표 5개 만점에 5개를 받았습니다.,0,좋아요
355,2019-12-6,별표 5개 만점에 5개를 받았습니다.,0,편해요
356,2019-9-4,별표 5개 만점에 1개를 받았습니다.,1,자꾸혼자꺼짐
357,2019-10-24,별표 5개 만점에 4개를 받았습니다.,0,괜찮은듯
358,2019-11-12,별표 5개 만점에 4개를 받았습니다.,1,우수
359,2019-11-20,별표 5개 만점에 1개를 받았습니다.,0,별로
360,2019-10-30,별표 5개 만점에 5개를 받았습니다.,0,조아요
361,2019-12-26,별표 5개 만점에 5개를 받았습니다.,0,굿
362,2019-5-30,별표 5개 만점에 5개를 받았습니다.,0,편하네요
363,2020-2-28,별표 5개 만점에 5개를 받았습니다.,0,감사합니다
364,2020-3-4,별표 5개 만점에 5개를 받았습니다.,0,좋아요..
365,2019-12-17,별표 5개 만점에 5개를 받았습니다.,0,좋습니다
366,2019-7-31,별표 5개 만점에 5개를 받았습니다.,0,편리함
367,2019-4-30,별표 5개 만점에 2개를 받았습니다.,2,김길선 보험들어가는 있는지 확인해주세요 2015년도 적금이나 보험을 들어다고 했네요 김길연설계사 돈 300만원 빌여가고 3번넣어주고 안주고 있네요 금융감독원 신고할까요 직원들이 신월1동 월정로29길12 꼬꼬치킨 찾아왔습니다
368,2019-1-9,별표 5개 만점에 4개를 받았습니다.,0,편리합니다.
369,2019-4-19,별표 5개 만점에 5개를 받았습니다.,0,굿
370,2019-1-24,별표 5개 만점에 5개를 받았습니다.,1,그냥 교보니까
371,2019-2-6,별표 5개 만점에 5개를 받았습니다.,1,편해요
372,2019-2-15,별표 5개 만점에 5개를 받았습니다.,1,좋아요
373,2019-2-12,별표 5개 만점에 1개를 받았습니다.,0,굿
374,2019-2-5,별표 5개 만점에 5개를 받았습니다.,1,굿
375,2019-3-5,별표 5개 만점에 2개를 받았습니다.,0,좋아요
376,2019-9-29,별표 5개 만점에 5개를 받았습니다.,0,는 ㅡ
377,2018-11-28,별표 5개 만점에 5개를 받았습니다.,1,좋아여~~
378,2018-11-3,별표 5개 만점에 4개를 받았습니다.,0,👍👍👍👍
379,2019-3-12,별표 5개 만점에 5개를 받았습니다.,0,좋아요
380,2018-8-31,별표 5개 만점에 1개를 받았습니다.,5,용량이 많은 것도 아닌데 보험금청구에서 jpg파일 첨부 계속 오류...편하게 하라고 만들었다는데 되질 않음ㅡㅡ 그리고 PDF파일도 좀 첨부되게 바꿔라 하나하나 찍어서 올리게 된것도 졸라 귀찮음 세상이 어느땐데 진짜 답답이들아
381,2018-8-6,별표 5개 만점에 1개를 받았습니다.,2,지문인증도 공인인증서가 추가로 필요한데 나이많은 분들은 어떻게 하라는겁니까?1
382,2018-8-17,별표 5개 만점에 1개를 받았습니다.,4,보험하나 확인하면 로그아웃됨 다시로그인해야함
383,2018-8-3,별표 5개 만점에 1개를 받았습니다.,2,접속안됨...계속...
384,2018-10-9,별표 5개 만점에 5개를 받았습니다.,1,굿
385,2018-6-8,별표 5개 만점에 1개를 받았습니다.,4,공인인증서가 잘로그인되다가 갑자기 몇달전부터 안되고 인증이 안된다함 해결좀 해주소 컴터인증이없는데 어찌 가져오고 합니까 스마트로인증하는데
386,2018-6-2,별표 5개 만점에 5개를 받았습니다.,1,너무 좋음. 은행이든 뭐든 가서 확인하는거 귀찮은데 거의 조회할 때만 쓰긴해도 만족
387,2018-9-7,별표 5개 만점에 2개를 받았습니다.,1,사용할때마다 다운받으라 너무 불편합니다
388,2018-11-26,별표 5개 만점에 5개를 받았습니다.,1,최고
389,2018-5-12,별표 5개 만점에 1개를 받았습니다.,3,지문등록해도 계속 안되었다고함. 교보생명 퇴직보험 앱에선 지문으로 로그인이 잘되는데 생명은 업데이트되는 앱을 설치해도 안됨.
390,2018-5-28,별표 5개 만점에 1개를 받았습니다.,7,"지문 등록 완료 후 지문 로그인을 시도하면 등록하지 않았다고 다시 등록 후 사용하라는 어처구니! 앱 개발자는 리뷰도 안보는 
무성의,무책임!"
391,2018-5-23,별표 5개 만점에 1개를 받았습니다.,1,깔자마자 먹통이네요 지우고 다시깔아도 안되고 이용을 하라는건지 말라는건지..
392,2018-5-25,별표 5개 만점에 2개를 받았습니다.,1,지문등록하고 로그인하면 지문등록 안 되었다고 계속 나옴
393,2018-8-9,별표 5개 만점에 1개를 받았습니다.,0,최악이네요 느리고
394,2018-5-27,별표 5개 만점에 5개를 받았습니다.,1,나의보험
395,2018-4-23,별표 5개 만점에 1개를 받았습니다.,3,지문 등록하면 지문 등록 안되었다고 하고 업그레이드 이후 안되는것 같아요 개선 바랍니다
396,2018-2-19,별표 5개 만점에 5개를 받았습니다.,2,금융거래를 모바일로 간편하게 처리 할 수 있어서 굿--!!!
397,2018-5-1,별표 5개 만점에 3개를 받았습니다.,1,지문등록해도 등록된 지문이 없다고 등록하라고만 나옴 빠른 수정 좀
398,2018-2-19,별표 5개 만점에 1개를 받았습니다.,1,팅기면 어쩌라는거죠
399,2017-12-8,별표 5개 만점에 1개를 받았습니다.,2,보험사 앱 몇개 써 봤지만 여기 교보생명은 정말 최악이네요. 보험금 청구하려고 사진을 몇번을 올렸는데 첨부확인 누르자마자 앱이 꺼지기를 몇번을 반복. 고객센타에 전화해서 얘기했는데 수정할 의지는 없어 보이네요. 보험금 청구는 다른 방법으로 해야겠어요. 며칠을 시도 해 봤는데 안되서 화가 나네요
400,2018-1-22,별표 5개 만점에 5개를 받았습니다.,6,와~~!! 보험금 청구하러 가기 어려운 직장인 관계로 미루어 두었던 차라 모바일 청구는 너무나 획기적이네요ㅎㅎ 이런게 있는줄 몰랐어요. 일단 사진첨부해서 접수완료는 했네요^^
401,2018-2-5,별표 5개 만점에 1개를 받았습니다.,3,사진 올리는중에 크러쉬남 20mb 넘고 열장이상은 안된다고 이럴꺼면 차라리 만들지 말던가 인터넷 접수로 유도하던지
402,2017-11-30,별표 5개 만점에 1개를 받았습니다.,1,보험금청구가  가능하기는한가요?왕짜증
403,2017-11-25,별표 5개 만점에 3개를 받았습니다.,3,오픈이벤 맨날 꽝이네
404,2017-12-27,별표 5개 만점에 1개를 받았습니다.,1,가입된 정보가 검색이 안되네요..
405,2017-11-29,별표 5개 만점에 4개를 받았습니다.,3,간편해서 좋네요
406,2017-11-13,별표 5개 만점에 1개를 받았습니다.,9,어플에 버그가 왜이렇게 많아요....어플실행 3번째 되고 공인인증서 로그인은 계속 안되고..개발을 어떻게했는지..
407,2017-11-15,별표 5개 만점에 1개를 받았습니다.,1,아니 피보험자는 왜 안보임? 어플 만든새끼는 삼성생명 어플 구경좀 하고와라
408,2017-10-20,별표 5개 만점에 1개를 받았습니다.,7,다운받고 리뷰보니깐 다들 개판이라고해서 1초만에 삭제~~다운받은지 5초만에
409,2017-9-7,별표 5개 만점에 1개를 받았습니다.,1,인증서등록 보안카드 불일치 현상 뭘 믿고 사용해요?
410,2017-9-27,별표 5개 만점에 1개를 받았습니다.,8,업데이트 후 보험료 납입이 되지 않아 짜증이 나네요.
411,2017-11-3,별표 5개 만점에 5개를 받았습니다.,4,방금 설치해서 보험계약대출 해봤는데 잘됨..
412,2017-10-30,별표 5개 만점에 1개를 받았습니다.,6,졸 라 느리네!!!!!!!! 건물은 겁나 좋드만!!!!!!! 말을 해줘도 1등 개짓이네!!!!!!!!
413,2017-11-23,별표 5개 만점에 5개를 받았습니다.,1,이벤트 참여도 완료함
414,2017-11-17,별표 5개 만점에 3개를 받았습니다.,1,보험금 청구 하는거 언제 만들어주시나요?
415,2017-11-23,별표 5개 만점에 5개를 받았습니다.,1,서비스 이용하기 편리해졌네요~
416,2017-10-19,별표 5개 만점에 5개를 받았습니다.,2,모바일을만나좋음
417,2017-11-13,별표 5개 만점에 3개를 받았습니다.,1,이런거 별로 안 좋아해서
418,2017-11-14,별표 5개 만점에 5개를 받았습니다.,2,뭐인지..
419,2017-8-12,별표 5개 만점에 1개를 받았습니다.,6,공인인증으로 하게해줘요 무슨보안카드입니까ㅎ그거신청하러가는김에 청구하고오는게 낫겠네요
420,2017-8-17,별표 5개 만점에 5개를 받았습니다.,6,"Store,엡으로 편리하지만 분문,이하 내용 확인 과정 좀신경쓰임니다...."
421,2017-5-25,별표 5개 만점에 2개를 받았습니다.,1,카메라에 왜 접근해야 하는지 모르겠음. 허용 안 하면 사용도 못 하고 개발자가 뭔짓을 해놓은건지 참
422,2017-5-30,별표 5개 만점에 1개를 받았습니다.,4,발가락으로 만들었나 때려쳐라 조회도안되고 답답해서 못쓰겠다
423,2017-9-22,별표 5개 만점에 1개를 받았습니다.,2,계속설치중이라고떠서 다른앱도 못깔고 있어요!! 어떻해야되요
424,2017-5-29,별표 5개 만점에 1개를 받았습니다.,5,카메라 접근허용은 왜 필요한건지?
425,2017-5-13,별표 5개 만점에 1개를 받았습니다.,9,뭐 이런 앱이 다 있는지... 정보를 빼 가려는 것도 아니고 진짜 교보담당자 실명을 올려야 정신을 차릴건지 전요~ 실비 청구하다가 문제가 생겼는데 보험사 직원이 이나 지점장이나 말을 그렇게 못하고 핵심 파악도 못하는 거 처음입니다. 교보생명 진짜 꽝이예요. 자 같은 피해자 생기지 않았으면 좋겠습니다. 화가 나서 잠순인데 잠도 못 들어요😠😭
426,2017-5-15,별표 5개 만점에 3개를 받았습니다.,6,계좌통장을 변경할수있게. 해주세요 동부생명은 계좌를 마음대로 등록할수 있어 참편리함.
427,2017-4-25,별표 5개 만점에 1개를 받았습니다.,9,카메라사용을 왜 강제하는건지? 동의안하면 쓰지도 못하게 하는 이유가 뭔데? 여러모로 불편하기만한 교보로군. 이래놓고 고객유지를 기대한다고?
428,2017-4-27,별표 5개 만점에 1개를 받았습니다.,8,카메라를 지가 왜 사용하겠다는건지! 뭐 이런 더러운 앱이 있나!
429,2017-5-6,별표 5개 만점에 1개를 받았습니다.,2,카메라 사용 동의는 뭐지? 개인정보 빼갈라고 하는듯
430,2017-4-24,별표 5개 만점에 5개를 받았습니다.,7,너무 편하고 잘 되있는거 같아요~~앱 디자인도 세련되고~~역쉬 전통의 교보답네요~~^^
431,2017-4-9,별표 5개 만점에 1개를 받았습니다.,3,다른보험앱에선 공인인증서로만 조회가 가능하듯 이것도 조회는 가능하게 해줘야함. 교뵤생명은 보안카드를 창구에서 직접 발급 받아야만 사용할 수 있음. 매우 불편함.
432,2017-4-4,별표 5개 만점에 1개를 받았습니다.,9,보험사앱중 최악..공인인증서있는데 보안카드발급? 다른 보험사는 인증서있음 계약조회 내용 환급금까지 다되는데..어이없음
433,2017-4-9,별표 5개 만점에 1개를 받았습니다.,4,웃기는게 대출은 조회가 되고 가입한 상품 내용은  공인인증으로도 볼수가 없슴.. 일부러 불편을 주는 느낌... 오히려 조회가 편하고 대출은 방문 이러면 이해되는데 이건 조회도 불편 대출만 가능한 웹.. 그지 같은..리뷰 불만 많은데 교보는 의도적으로 만든듯.
434,2017-3-8,별표 5개 만점에 1개를 받았습니다.,1,보험계약조회까지 보안카드 받으란건 처음들어보네 전화해서 보험내용이메일로받아도 조회도안되고 앱을다운받아도 보안카드받으라니 결국에는 지점을가란소리네
435,2017-3-28,별표 5개 만점에 1개를 받았습니다.,3,보험회사도 거지같고 어플도 거지같네. 이럴꺼면 앱이용을 왜하는지ㅡㅡ 진짜 최악의 보험회사.
436,2017-4-4,별표 5개 만점에 1개를 받았습니다.,5,모바일앱중에 보험금청구가 안돼는앱은 처음봅니다  보험사중에 가장 최악입니다
437,2017-3-1,별표 5개 만점에 1개를 받았습니다.,6,어쩌란거지 들어갈수가 없네 ;진짜 짜증나네요;
438,2017-2-28,별표 5개 만점에 1개를 받았습니다.,6,다른보험사 어플은 휴대폰인증으로도 본인인증도 되고 계약자조회도 되는데 별씹그지같은 어플이네요
439,2017-2-26,별표 5개 만점에 1개를 받았습니다.,3,최악의 앱이네 쓰레기
440,2017-3-29,별표 5개 만점에 1개를 받았습니다.,2,계약 내용보려다 짜증나네요
441,2017-3-6,별표 5개 만점에 1개를 받았습니다.,3,앱이안열려...짜증나...뭘어쩌라는겁니까?
442,2017-4-21,별표 5개 만점에 1개를 받았습니다.,1,쓰레기앱이네 조회한번 하는게 힘들고 안봐 안쓴다 짜증나네
443,2017-3-13,별표 5개 만점에 1개를 받았습니다.,1,계약내용을 볼수 있도록 해주세요
444,2017-2-28,별표 5개 만점에 1개를 받았습니다.,1,보안카드없으면 되는게 없네요
445,2017-2-11,별표 5개 만점에 1개를 받았습니다.,5,완전 최악의 앱!!! 공인인증서로 로그인까지 했으면 최소한 자기계약조회는 되야할거 아닌가? 무슨 보안카드를 발급받으래~ 그럴꺼면 방문해서 처리하지 뭐하러 앱을 깝니까? 보안카드 미발급고객에게 대출서비스만 가능하고 다시 계약조회하려면 다시 동의하고 등록하고.. 보험대출 실적을 올리기 위한 앱인지 고객을 위한 앱인지 모르겠다. 화나서 보험까지 해약하고 싶음
446,2017-1-11,별표 5개 만점에 2개를 받았습니다.,1,인증절차에 신경을 많이 쓰신것 같지만 동의는 한꺼번에 할 수 있으면 좋겠어요. 간편로그인으로 내가 가입한 보험 열람은 안되면서 약관대출은 할 수 있다니... 대출을 유도하는 얇팍한 상술이 보여 좀 실망스럽습니다
447,2017-1-5,별표 5개 만점에 1개를 받았습니다.,1,기껏 공인인증서 깔아서 이제 볼라고 했더니. 보안카드 발급 받으라네......그거 받으려고 지점까지 가서 발급받아야돼? 뭐 놈의 모바일 앱이 이렇게 까다로워.....안 쓴다 안써....
448,2017-1-18,별표 5개 만점에 1개를 받았습니다.,2,"다른 보험앱은 공인인증서만 있으면 왠만한 보험금청구 및 대출,조회 업무 가능한데 교보는 모바일이 다 막혀있어서 너무 불편하네요 운영자는 좀 타보험과 비교하셔서 고객의 불편을 덜어주셔야 하는거 아닌가요?"
449,2017-2-19,별표 5개 만점에 1개를 받았습니다.,1,공인 인증서 로만 하여도 로그인이 안됩니다.  불편합니다.
450,2017-1-1,별표 5개 만점에 1개를 받았습니다.,3,직장다니는데 언제 보안카드 만드나요? 그럼 계약할때 그러던지
451,2016-12-27,별표 5개 만점에 1개를 받았습니다.,8,계약내용점볼라 했더니..볼방법이없네ㄷㄱㄱ뷁
452,2016-12-31,별표 5개 만점에 2개를 받았습니다.,2,보안카드없이 접속할수있게 개선좀 해주시죠
453,2017-2-2,별표 5개 만점에 1개를 받았습니다.,0,루팅된폰이라안된다는소리나나오고멉니까
454,2017-1-28,별표 5개 만점에 1개를 받았습니다.,1,보안카드  장난합니까 리뷰는보기는합니까?
455,2017-1-31,별표 5개 만점에 1개를 받았습니다.,0,쓰레기 어플이네 무슨 보안카드야
456,2017-1-24,별표 5개 만점에 1개를 받았습니다.,0,인증서얘기좀그만하세요~
457,2017-2-20,별표 5개 만점에 1개를 받았습니다.,1,개인공인인증 아무필요가없음
458,2017-1-18,별표 5개 만점에 1개를 받았습니다.,0,뭐가 이리 복잡해 보안카드 꼭 있어야돼?????
459,2016-12-30,별표 5개 만점에 1개를 받았습니다.,0,로그인안되요
460,2017-1-25,별표 5개 만점에 1개를 받았습니다.,0,진짜... 뭐같이 해놨네.. 얍실하게
461,2017-3-7,별표 5개 만점에 5개를 받았습니다.,1,좋은
462,2016-9-24,별표 5개 만점에 1개를 받았습니다.,1,앱 관리자는 평가에 대한 피드백도 않고 고객의 의견을 듣지 않는건가? 모두가 불편하다고 하는데 개선의 의지가 없어보임. 본인 계약 조회하는데 방문해서 보안카드 발급하라니...
463,2016-8-8,별표 5개 만점에 1개를 받았습니다.,1,보안카드가 꼭필요한 검색도아님에불구하고 모가이리 복잡한거죠?? 삼성은 조회는 하기쉽던데‥ 내가낸 보험조차도 보안카드없이 힘드니 ‥짜증 왕창나네요‥대출받는것도아니구 보험청구도아닌데‥기가막힘‥ 엄청불편한모바일 누가사용해요‥은행도 그러진않은데‥
464,2016-11-17,별표 5개 만점에 1개를 받았습니다.,1,멀쩡히 잘 쓰고있는 보안카드를 도난신고된카드라 그러고 ....완전짱남ㅡㅡ앱 안쓴다 안써~~보안카드가 있어도 이모양이데 ... 짱나 ~  지워야겠음ㅡㅡ
465,2016-8-29,별표 5개 만점에 1개를 받았습니다.,9,보안카드 없는 사람은 사용을 전혀 못하게 해두었네요. 완전 거지같은 프로그램이에요
466,2016-10-5,별표 5개 만점에 1개를 받았습니다.,0,불편함의 최고봉이네요..모바일 어플이 편리하게 이용하자고 설치하는건데...핸드폰 꺼내서 조회 할때마다 보안카드 꺼내야됨?그럼 보안카드 항상 가지고 다니라는 얘기인가?
467,2016-7-13,별표 5개 만점에 1개를 받았습니다.,1,가입할땐 설명도 없더니 로그인때문에 상담전화했다가 보안카드있다는걸 안내받네...죽을병걸려도 내가 챙겨야지 모르면 말고식 운영이군.
468,2016-7-21,별표 5개 만점에 1개를 받았습니다.,1,공인인증서 로그인을 몇번이나 하게 만들고 보안카드는 또 뭔지 조회라도 편하게 해주던가 속도도 느리고 이따구로 만들고 서비스 하는것  자체가 이해할수없다 없는게차라리 나은 어플
469,2016-9-22,별표 5개 만점에 1개를 받았습니다.,1,마찬가지에요..로그인이 안되니 뭘 할수있나요..9월 인증서 갱신이라 갱신했더니 등록하라고 해서 아무리 시도해도 인증서가 올바르지 않다고만 나옴..
470,2016-8-25,별표 5개 만점에 1개를 받았습니다.,2,공인인증 몇번이고 하게 해놓고는 보안카드 없다고 로그인 안되는건 뭐죠? 보험가입 할때 보안카드 얘기는 꺼내지도 않았는데 그거 받으러 보험사 찾아 가란 거에요? 이럴거면 어플을 만들지를 말던가.
471,2016-9-3,별표 5개 만점에 1개를 받았습니다.,3,뭐 이따위 앱을 앱이라고 만들었냐 가입할때는 고객님 고객님 하면서 고객이 필요할 때는 호갱님 귀찮게 해 드릴테니 하지마세요 이거냐?
472,2016-12-16,별표 5개 만점에 1개를 받았습니다.,1,보안카드 발급해야하고 없으면 조회도 힘들고 이런식의 속보이는 경영 아에 접으세요. 보험 청구도 어렵지 30만원까지만 온라인으로 보험 청구 가능하지. 또 플라자 운영시간은 오후3시30분까지라서 ... 이건 뭐                 지겹도록 보험들라고 전화질에 가입하기 싫다니까 왜요? 이런식으로 말하질 않나. 호구하나 잡으면 가죽까지 벗겨 먹을기세.
473,2016-12-5,별표 5개 만점에 1개를 받았습니다.,1,아무것도못해야 로긴도안되서
474,2016-8-24,별표 5개 만점에 1개를 받았습니다.,2,웹에는 있는데 모바일에는 간편조회가 없어서 매우 불편합니다. 기본이 안되어 있네요. 모바일에도 간편 로그인 기능 추가해주세요
475,2016-8-17,별표 5개 만점에 1개를 받았습니다.,2,지금들어놓은건 어쩔수없지만 다음부터 교보보험은 안 들거다
476,2016-9-5,별표 5개 만점에 1개를 받았습니다.,3,진짜 거지같네요 보안카드 예전에 만들었는데도 사고카드라고 나오면서 나와서 다시 만들라하고 보험료를 납입하는건데도 보안카드 없으면 할수가 없네요
477,2016-8-10,별표 5개 만점에 1개를 받았습니다.,1,다른 보험사들은 보안카드 없어도 기본 계약조회는 다되는데 왜 교보만 이따위야 그냥 없애버려라 괜히 앱깔았다가 로그인 할려구 이것저것 시간 까먹게 만들지 말구
478,2016-8-11,별표 5개 만점에 1개를 받았습니다.,2,이런 앱은 첨보네 쩝
479,2016-8-17,별표 5개 만점에 1개를 받았습니다.,3,대출 추가납입만 되고 청구는 안되는 앱..(--+)
480,2016-8-31,별표 5개 만점에 1개를 받았습니다.,2,하는 교보
481,2016-8-17,별표 5개 만점에 1개를 받았습니다.,0,요즘같은 시대에 보안카드가있어야조회가되내....헐..계약할땐간쓸게 다빼줄것같더니.. 당신들이 집으로와서 보안카드가져와야지
482,2016-8-11,별표 5개 만점에 1개를 받았습니다.,0,내보험 조회하는데 무슨 지점가서 무슨 보안카드를 등록하나? 그럴거면 지점에서 그냥 알아보지. . 참 별것도 아닌것. . 복잡하게. .너무 보안요구를. .ㅉㅉ
483,2016-7-17,별표 5개 만점에 1개를 받았습니다.,2,공인인증서등록하는데 왠보안카드? 최악 앱이군요.
484,2016-7-11,별표 5개 만점에 1개를 받았습니다.,2,어플 가입 인증 개선좀해줘요
485,2016-9-26,별표 5개 만점에 1개를 받았습니다.,0,공인인증만 두번 시키곤 지네 카드가 있어야 되는 밥팅이 어플
486,2016-7-20,별표 5개 만점에 1개를 받았습니다.,1,ㅡㅡ
487,2016-12-7,별표 5개 만점에 1개를 받았습니다.,0,실로 최악이다
488,2016-10-13,별표 5개 만점에 2개를 받았습니다.,1,어디에있나여?
489,2016-10-22,별표 5개 만점에 5개를 받았습니다.,2,교보생명 카카오톡 알림톡 생겼으면합니다
490,2016-11-5,별표 5개 만점에 1개를 받았습니다.,0,보험사 앱중에 최악이네요
491,2016-11-23,별표 5개 만점에 1개를 받았습니다.,0,보험금 청구 신청이 왜 안되요~??
492,2016-10-24,별표 5개 만점에 5개를 받았습니다.,0,감사하게 잘쓰고 있습니다
493,2016-12-23,별표 5개 만점에 1개를 받았습니다.,0,아뉜다
494,2016-10-27,별표 5개 만점에 1개를 받았습니다.,0,되는게 없음
495,2017-5-16,별표 5개 만점에 1개를 받았습니다.,0,다운이 안되요
496,2016-11-20,별표 5개 만점에 1개를 받았습니다.,0,별 한개 주기도 아까움!!!!!!!!!!
497,2016-7-20,별표 5개 만점에 1개를 받았습니다.,0,보안카드
498,2016-8-19,별표 5개 만점에 1개를 받았습니다.,1,불편
499,2016-8-3,별표 5개 만점에 1개를 받았습니다.,0,최악  최악
500,2016-11-2,별표 5개 만점에 1개를 받았습니다.,0,왜 필요한거???
501,2016-1-18,별표 5개 만점에 1개를 받았습니다.,9,당신내들이. 광고로 머고사는 중소기업도 아니고 광고를 왜띄워서 메인화면가리고 광고는 닫기눌러도 닫아지지도 않고 그냥 광고를 하지를말지. 왜 고개들 피해주는 광고나 해대는지. 교보문고있는건 아는데 책광고를 보험까지 하는이유는 뭔데
502,2016-5-16,별표 5개 만점에 1개를 받았습니다.,1,공인인증서 있어도 결국엔 내계약조회한번 안되네!  개선의 의지도없고 딴 보험회사들은 잘만되더만...  고객들 돈벌어서 다 어따쓰시는지...  이런데다 돈좀투자하지를 에휴...  진짜 최악이다!  보험 갈아타고 싶을정도로~
503,2016-3-9,별표 5개 만점에 1개를 받았습니다.,1,고객플라자는 뭐고.. 보안카드는 뭐고... 삼상생명 고객센터 앱좀 보고 배워라.. 보험가입은 찾아와서 해주더만 뭔 조회나 다른 업무는 이렇게 불편한지...
504,2016-3-30,별표 5개 만점에 1개를 받았습니다.,8,리뷰 올린 사람들 모조리 불편하다고 아우성인데 개선할 생각없나?뭐 이렇게 번거롭게 만들어논거야
505,2015-9-13,별표 5개 만점에 1개를 받았습니다.,1,인증서 재등록 하는것도 절차 귀찮고번거롭네여  내꺼내가 확인하기 뭐이리 힘든건지 ㅜㅜ
506,2016-1-19,별표 5개 만점에 1개를 받았습니다.,0,보험 내역 조회하려고 로그인하는데 v3가 정상적으로 실행되지 않았다면서 앱 종료되네요.
507,2016-5-8,별표 5개 만점에 1개를 받았습니다.,6,계약조회 하나 하는데 왠 보안카드가 필요하다고 무한 인증서 뺑뺑이 인증하라고 돌리더니 결국 안됨...
508,2016-5-26,별표 5개 만점에 1개를 받았습니다.,0,없군.. 댓글보고 심한게 아닌가 했더니 모바일센터 역시 부실함.
509,2016-6-3,별표 5개 만점에 1개를 받았습니다.,1,정확하게 시작 10분만에 화나고 짜증나서 지운다 이딴거나만들려고 돈들이나ㅡㅡ인증해라 뭐해라 뭔짓이야ㅡㅡ
510,2016-4-3,별표 5개 만점에 1개를 받았습니다.,7,로그인 불가능 공인인증서 암호를 몇번씩이나 하는지 모르겠는데 도데체 로그인이 안됨 리뷰보니까 개선의지도 없는듯
511,2016-1-14,별표 5개 만점에 2개를 받았습니다.,1,공인인증서가 폰에 저장되어있는데 PC를 이용해서 등록하라는 절차가 번거롭고 복잡함 이럴바엔 애초에 pc로이용하는게 정신건강에 이로울듯 타보험사처럼 공인인증서 등록절차 간소화 작업이 필요해보이네요 모바일앱에 편의성을 생각해주시길...
512,2016-1-18,별표 5개 만점에 1개를 받았습니다.,0,닫기가안되자나 장난하나
513,2015-8-18,별표 5개 만점에 1개를 받았습니다.,0,무슨놈의 앱이 이리어렵고 진행도안되고 에러만 조 오나게 나네
514,2015-7-16,별표 5개 만점에 1개를 받았습니다.,1,로딩이안됨 제발 고치기바람 ㅡㅡ 대기업이 어플을 이딴식으로 만들다니...
515,2016-6-12,별표 5개 만점에 1개를 받았습니다.,1,뭐이런 없느니만 못한앱을 만든거냐  완전 고객기만이네
516,2016-1-18,별표 5개 만점에 1개를 받았습니다.,0,광화문 어쩌고 광고 닫기 눌러도 안사라져서 업무를 못보겠어요 빨리 해결을
517,2016-1-18,별표 5개 만점에 1개를 받았습니다.,1,노란 교보문고 광고팝업창좀제거해주세요!광고창이 안닫혀서 앱에 들어가지지도 않네요!!!
518,2016-1-18,별표 5개 만점에 1개를 받았습니다.,0,닫기눌러도 안없어지고 업무불가네 제대로좀 합시다
519,2016-5-16,별표 5개 만점에 1개를 받았습니다.,0,공인인증이 있는데 보안카드발급으로 창구를 가야하다니 ㅠ
520,2017-2-3,별표 5개 만점에 1개를 받았습니다.,0,돈 받아 쳐먹었으면 어플 좀 제대로 만드세요!! 다른 보험사는 어플로 실비 청구 다 되던데 교보생명 진짜 그지같음!!!!!
521,2015-10-5,별표 5개 만점에 1개를 받았습니다.,0,아니 공인인증서 제 폰에 있는데 왜자꾸 재등록 다시 하라고 떠요?
522,2015-9-30,별표 5개 만점에 1개를 받았습니다.,0,공인인증서 등록을 두번이나완료했는데 왜 자꾸 안됐다고 그러는거죠?
523,2015-12-31,별표 5개 만점에 1개를 받았습니다.,1,할말없음.넘 짜증남
524,2015-4-21,별표 5개 만점에 1개를 받았습니다.,1,업데이트후 인증서 재등록하라고 나오는데요.
525,2016-2-29,별표 5개 만점에 1개를 받았습니다.,0,결국은 컴 안쓰곤 로그인도 못하네
526,2015-12-4,별표 5개 만점에 1개를 받았습니다.,0,기존 폰에 저장되어 있다면 바로 등록가능하게 만들어주세요ᆢ 빠른 시정 부탁합니다
527,2016-1-18,별표 5개 만점에 1개를 받았습니다.,0,수정요망ㅡㅡ
528,2015-11-5,별표 5개 만점에 1개를 받았습니다.,0,공인인증서등록하라는데어디서하라는건지아무리찾아봐도없음
529,2016-3-3,별표 5개 만점에 1개를 받았습니다.,0,계약한거 내용좀 보려는데 뭐이리 안되죠?
530,2016-4-7,별표 5개 만점에 1개를 받았습니다.,0,별 하나도 아깝네 이렇게 불편해서리 빨리 조치바랍니다
531,2016-2-29,별표 5개 만점에 1개를 받았습니다.,0,앱 열면 광고?인지 뭔지 화면 다 가리고 닫기도 안돼고..어쩌란거야
532,2015-11-27,별표 5개 만점에 1개를 받았습니다.,1,인증서등록은 몇번을 해도 등록도 안되고 어찌하라는건지...
533,2016-1-18,별표 5개 만점에 1개를 받았습니다.,0,고쳐주세요 뭘 할수가없네
534,2016-6-18,별표 5개 만점에 1개를 받았습니다.,0,로그인 과정이 화면되돌리기  하는것 같네요~
535,2015-7-23,별표 5개 만점에 1개를 받았습니다.,0,진짜 속터짐
536,2016-1-18,별표 5개 만점에 1개를 받았습니다.,0,인문학서비스 인가뭔가 닫히지도않고 앱은 뭐하러 만들었는지~~!!
537,2015-8-21,별표 5개 만점에 1개를 받았습니다.,0,걍최악이다
538,2015-10-20,별표 5개 만점에 2개를 받았습니다.,0,교보생명로고뜨고나서 하얀화면에서 변화가없네요 어떻게 된건가요??????
539,2015-5-14,별표 5개 만점에 1개를 받았습니다.,1,이용시간이 아니라니...
540,2016-8-5,별표 5개 만점에 5개를 받았습니다.,0,좋네요
541,2015-7-26,별표 5개 만점에 1개를 받았습니다.,0,짜증
542,2015-3-16,별표 5개 만점에 5개를 받았습니다.,0,젤 무난하고 괜찮은것같아요
543,2015-3-10,별표 5개 만점에 5개를 받았습니다.,0,전화하지  않아도 되니  정말  편해
544,2015-2-7,별표 5개 만점에 5개를 받았습니다.,1,적당합니다
545,2014-12-17,별표 5개 만점에 4개를 받았습니다.,0,리뷰에 공인인증서 해야한다고들 해서 인터넷 홈페이지에서 등록하고 지금 모바일로 잘 사용하고 있습니다ㅎㅎ
546,2015-1-9,별표 5개 만점에 1개를 받았습니다.,0,뭐이따구로 만들고 사용하라는거야 사용자편의를 위해 쉽게 만들라구 보험든거 다 취소하고 싶어지네
547,2015-1-24,별표 5개 만점에 1개를 받았습니다.,1,거지같은어플...인터넷마찬가지 다 해지하고싶다
548,2015-1-15,별표 5개 만점에 1개를 받았습니다.,0,로그인이 안됨
549,2015-1-3,별표 5개 만점에 4개를 받았습니다.,0,"다운받았서좋고,프라자안가서좋다~~~"
550,2014-5-11,별표 5개 만점에 1개를 받았습니다.,6,공인인증 있어도안되고 홈피가서등록하려해도 어딘지도 정확히안나오고 홈피서보라하니엡프리깔라하고깔고나니 또깔라하고..어떻게하라는겨 폰으론 하지말라고?? 헛고생 시키지 말고 pc로만 하라고써놓으시지요!!!
551,2014-12-8,별표 5개 만점에 1개를 받았습니다.,2,이프로그램  왜  만든건지...공인인증서가  있는데도 안되니..인증서  로그인밖에  안되고  이거  뭐하는  짓인지...안그럼  프로그램을  만들어서  내놓지  말던가..시간 낭비만  하게  만들어  놓네..정말  별하나도  아깝네요  별하나  있는거 빼고  싶은데  안빠져서  못뺌
552,2014-10-17,별표 5개 만점에 1개를 받았습니다.,1,"공인인증서 홈페이지 등록하라하고, 등록할랫더니 가까운 지점 방문 하여 처리하라고 해서, 가까운 지점 찾아보기 눌렀더니 오류............교보생명님..서비스 점검 좀 해주세요.."
553,2014-11-13,별표 5개 만점에 1개를 받았습니다.,1,은행 공인인증서만 가지고는 로긴할 수 없는 앱... 은행거래도 공인인증서 하나로 이체 등 모든 거래가 가능하건만 이건 지점에 직접 방문해서 보안카드를 추가로 발급받아야 사용할 수 있다니 이딴 똥고집앱이...ㅡㅡ;
554,2014-3-15,별표 5개 만점에 1개를 받았습니다.,0,연결조차안되고..  주소노출도 다되는 보안도 허술한 이딴앱을 어떻게 쓰라는건지 참...
555,2014-11-5,별표 5개 만점에 1개를 받았습니다.,1,홈피가서해도 안되고 그냥 모바일에서 안되나요? 뭐가이리 힘들어서야
556,2014-8-27,별표 5개 만점에 1개를 받았습니다.,0,로그인부터 안대  ㅋㅋ 발로 만드셧나 kdb 메트라이프 교보 세군데 보험잇는데  다른곳은 다잘댄디 교보 스마트엡만 진심 썩음
557,2014-6-25,별표 5개 만점에 1개를 받았습니다.,2,모바일 앱을 왜 만든건지 등록을 지점방문해서 공인인증서를 등록하고 어쩌구 저쩌구 듣고도 모르겟내~
558,2014-9-1,별표 5개 만점에 1개를 받았습니다.,1,공인린증서 있어도 휴대폰에서는 안열리게 하려면 휴대폰앱을 왜 만들었는지 궁금하네요
559,2014-5-24,별표 5개 만점에 1개를 받았습니다.,0,대출금 상세조회도 안되는 어플 있으나마나  님들 받지 마세요 넘불편 그냥 피씨로
560,2013-12-2,별표 5개 만점에 1개를 받았습니다.,1,로그인도 안되는 쓰레기 앱이네 개발자가 누군지 쪽팔리겠다
561,2014-5-28,별표 5개 만점에 1개를 받았습니다.,0,변신앱 ㅋㅋ 공인인증 다 해도 안되
562,2013-11-9,별표 5개 만점에 5개를 받았습니다.,1,오프라인도 합니다. 고품격 .한정판매 ♥
563,2014-5-23,별표 5개 만점에 5개를 받았습니다.,1,보험확인가능해서 좋네요
564,2014-5-22,별표 5개 만점에 1개를 받았습니다.,0,PC를 들고 다녀야되는 앱이군...
565,2014-7-21,별표 5개 만점에 1개를 받았습니다.,0,모바일을 왜 만들었는지 모르겠네요..
566,2018-6-15,별표 5개 만점에 1개를 받았습니다.,0,몇일째 다운로드 대기중 사용을 하라는건지..
567,2017-4-18,별표 5개 만점에 1개를 받았습니다.,0,보험료가 빠졌는지도 반영안되서이중출금하는 그지같은앱
568,2014-12-16,별표 5개 만점에 5개를 받았습니다.,0,좋당
569,2013-6-19,별표 5개 만점에 5개를 받았습니다.,1,잘애용하고있다는.
570,2013-5-24,별표 5개 만점에 1개를 받았습니다.,1,업뎃후 잘되던 로그인이 안되네요 V3 오류라고 ..ㅡㅡ
571,2013-5-24,별표 5개 만점에 1개를 받았습니다.,1,업뎃할거도 엄는데 자꾸 마켓으로 이동하는건 뭐지?
572,2013-5-24,별표 5개 만점에 1개를 받았습니다.,2,테스트  하는지 마는지  업글 시키고 보자하는 식인지 . .?
573,2013-5-24,별표 5개 만점에 1개를 받았습니다.,1,잘되던 모바일뱅킹 업데이트하라고 해서 했더니 도대체 로그인이 왜 안되냐구요
574,2013-5-24,별표 5개 만점에 5개를 받았습니다.,0,ㅎㅎ
575,2013-4-4,별표 5개 만점에 1개를 받았습니다.,2,인증서 로그인시 인증서 암호 넣는 항목두 안뜨궁 ㅡㅡ 인증서가져오기 누르면 컴터엔 12자리입려괘야하는데 여긴 8자리 암호밖에 생성이안되구 관리 이따구로하나요 ... 도대체...
576,2013-4-14,별표 5개 만점에 1개를 받았습니다.,0,왜이렇죠???
577,2013-4-5,별표 5개 만점에 2개를 받았습니다.,2,업댓다음부턴 약대가 안됨요
578,2013-4-10,별표 5개 만점에 1개를 받았습니다.,0,업글도 안되고만 업글하라는건지!
579,2013-6-13,별표 5개 만점에 5개를 받았습니다.,0,바로바로 보험계약을 확인할수 있어 최고
580,2013-4-29,별표 5개 만점에 5개를 받았습니다.,0,좋아요^^
581,2013-3-31,별표 5개 만점에 3개를 받았습니다.,0,왜 어플 인증센터 인증번호가 8자리만 나오나요? 교보 홈페이지에서는 12자리 입력하라고 하고 어플은 8자리만 보여주니 공인인증서 등록조차 할 수 없네요..
582,2012-12-29,별표 5개 만점에 1개를 받았습니다.,1,그지같은 플그램은 어떻게 그리도 잘만드시나여? 일부 폰이 아닌 모든폰에서 일어나는 증세인데 바보가 만드셨는지... 빨리 개선해주시오
583,2012-12-24,별표 5개 만점에 2개를 받았습니다.,2,왜오류를수정해주지않쵸?? 며칠전부터계속이렇던데.. 좀확인하구수정좀해주세요
584,2012-12-17,별표 5개 만점에 2개를 받았습니다.,2,업데이트하자마자.. 첫화면에서 안넘어가요 몇번이나다시설치해봐도요지부동..빠른조치를해주세요 저만그런건지..
585,2012-12-17,별표 5개 만점에 1개를 받았습니다.,0,업데이트  이후로 로그인이 안돼요..인증서비밀번호화면이 안떠요..수정해 주세요
586,2012-12-30,별표 5개 만점에 5개를 받았습니다.,0,좋ㄴᆞㅋ요
587,2012-12-16,별표 5개 만점에 3개를 받았습니다.,0,교보 짱
588,2012-6-22,별표 5개 만점에 4개를 받았습니다.,1,속도도 빠르고 잘 되던데 갑자기 튕김현상으로 핸펀 던질 뻔...  다시 지우고 깔았더니 잘 되네요
589,2012-7-13,별표 5개 만점에 4개를 받았습니다.,0,인증서 화면이 좋음 - Very Good!!!!
590,2012-7-5,별표 5개 만점에 5개를 받았습니다.,0,교보생명 FP 분들 ~ 화이팅하세요 ^^
591,2012-5-22,별표 5개 만점에 5개를 받았습니다.,3,"다 짤려나오고. 글씨 크기도 안맞고. 걍 화면크기에 맞게 늘려도 좋으니, 제발 개선합시다."
592,2012-5-29,별표 5개 만점에 1개를 받았습니다.,0,고개사랑 말로만 하지말고 실천좀합시다 제발 정신차리세요
593,2012-6-2,별표 5개 만점에 3개를 받았습니다.,0,글씨 전부 잘려서 잘 안 보입니다 개선 부탁드리겠습니다
594,2012-6-17,별표 5개 만점에 1개를 받았습니다.,0,업무좀간편하게볼랬더만쓰레기
595,2012-6-18,별표 5개 만점에 5개를 받았습니다.,0,쉽고편함
596,2012-10-18,별표 5개 만점에 5개를 받았습니다.,0,좋네
597,2012-5-23,별표 5개 만점에 5개를 받았습니다.,0,굿
598,2011-7-8,별표 5개 만점에 1개를 받았습니다.,7,.Sd카드에도 설치되게 해주세요~*
599,2011-6-30,별표 5개 만점에 5개를 받았습니다.,3,많은이들에게추천하고싶어요.특히각분야별양서를읽을수있어서넘넘좋아요.많이활용하시길...
600,2011-7-1,별표 5개 만점에 1개를 받았습니다.,1,옵원에서언제써보나이번업뎃에서도꽝이네
601,2011-6-10,별표 5개 만점에 1개를 받았습니다.,1,옵원인데화면이깨지는거같아요ㅜ인증서확인후로그인을하느부분이안나와요
602,2011-6-17,별표 5개 만점에 5개를 받았습니다.,0,좋으네용ㅋ
603,2011-6-3,별표 5개 만점에 5개를 받았습니다.,1,좋아요~좋아요~~
604,2011-6-17,별표 5개 만점에 4개를 받았습니다.,0,굿
605,2011-3-31,별표 5개 만점에 5개를 받았습니다.,1,교보 역시 고객을 위하는 맘이 느껴지네요ㅛ
606,2011-8-17,별표 5개 만점에 5개를 받았습니다.,8,퇴직연금까지 보험을 선도하시는군요 역시...
607,2011-2-17,별표 5개 만점에 4개를 받았습니다.,0,안드로원에서 실행은 되지만 제대로 보여지지 않습니다. 옵원도 안된다는걸 보면 해상도 때문인 듯합니다.
608,2011-2-22,별표 5개 만점에 1개를 받았습니다.,1,안드로원인데요 인증서암호입력후로그인할칸이없네요 수정부탁드립니다
609,2011-3-12,별표 5개 만점에 5개를 받았습니다.,1,어플은 훌륭하지만 모바일 사이트도 별도로 제공되었으면 합니다^^ 어플이 모바일 사이트를 대체하지는 못하잖아요~
610,2011-3-10,별표 5개 만점에 5개를 받았습니다.,0,보험사의 어플에서 이런 기능들을 구현할수 있다니 설마하고 테스트하다가 정말 놀랐습니다.
611,2011-2-12,별표 5개 만점에 4개를 받았습니다.,0,이달의책을무료로제공해줘서좋아요 그런데이번달의책이 상.하권으로나눠어있을땐다음달에하권이올라오는건가요?
612,2011-2-10,별표 5개 만점에 5개를 받았습니다.,0,테이크폰 됩니다 교보에서 요청한지 하루만에 테이크폰사서 오류확인하고 조치취해주는군요 테이크폰 사용자분들 업데이트하세요 교보 좋은인상받았습니다
613,2011-1-31,별표 5개 만점에 5개를 받았습니다.,0,테이크는언제쯤부터사용할수잇을까요ㅠ.ㅠ?
614,2011-2-7,별표 5개 만점에 4개를 받았습니다.,0,읽던책은 아마도 월도가 바뀌어서 새책으로 변경된걸겁니다
615,2011-1-26,별표 5개 만점에 4개를 받았습니다.,0,참으로 편리한 세상이죠!!!~ 아주좋네 검색도편하구 자주애용 할랍니다
616,2011-1-27,별표 5개 만점에 1개를 받았습니다.,0,옵원 되게 해주세요..--;
617,2011-1-27,별표 5개 만점에 5개를 받았습니다.,0,써본것중 최고인대요.
618,2011-1-28,별표 5개 만점에 5개를 받았습니다.,0,쓰기편해서 조아요
619,2011-1-13,별표 5개 만점에 5개를 받았습니다.,1,옵큐 사용자입니다. 엡 속도 빠르고 이용하기도 편합니다. 무료로 베스트셀러를 볼 수 있어서 더 좋았습니다. 감사~♡
620,2011-1-24,별표 5개 만점에 4개를 받았습니다.,1,교보생명 모바일창구 어플 좋아요 개인적으론 기업이 갖추어야 할 기본을 실천하고 있는 곳이라 호감도가 높습니다
621,2011-1-23,별표 5개 만점에 5개를 받았습니다.,2,사랑을실천하는 교보에 감사드립니다^^항상 변함없으시길
622,2011-1-16,별표 5개 만점에 1개를 받았습니다.,0,옵원도되게해주세요..필요한데안돼요ㅜㅜ
623,2011-1-19,별표 5개 만점에 1개를 받았습니다.,1,버그짱많고 불편하기짝ㅣ없다 난단지 고객프라자 영업시간을알거싶엇을뿐 피씨버전사이트서 그럭저럭찾앗다 근대 어라 자동으로 모바일사이트로넘어가더니 사이트가아니고 앱설치하란다 이런 급함김에 햇더ㅣ 버그투성 제대로 기획안코 남들하니까 따라서 하니 이꼬라지지
624,2011-1-19,별표 5개 만점에 5개를 받았습니다.,2,역시 교보생명 잘 이용해볼께요
625,2011-1-7,별표 5개 만점에 5개를 받았습니다.,2,편리하네요~ 교보 최고입니다!
626,2011-2-23,별표 5개 만점에 5개를 받았습니다.,0,사용도 편하고 볼거리도 제공해주네요 좋습니다. 고객배려가 돋보입니다.
627,2011-1-24,별표 5개 만점에 1개를 받았습니다.,0,엄청나네요.. 제가 다운받았던 어플들 중 최고의 사이즈.. 이미지로 덮었다는 거??
628,2011-1-22,별표 5개 만점에 5개를 받았습니다.,0,실시간 이용하기 편해좋아용 이달에책읽기도 무료라 행복하네요 굿~~~~
629,2011-2-5,별표 5개 만점에 4개를 받았습니다.,1,갑자기 읽던 책이 없어졌어요...
630,2011-1-14,별표 5개 만점에 5개를 받았습니다.,0,언제어디서나사용가능해서넘넘조아용^^
631,2011-1-22,별표 5개 만점에 1개를 받았습니다.,0,삭제했는데목록에서는안없어져요ㅠ
632,2011-1-19,별표 5개 만점에 4개를 받았습니다.,0,위치추적하기 잘 안더네요~
633,2011-1-11,별표 5개 만점에 5개를 받았습니다.,0,교보생명어플 좋네요
634,2011-2-22,별표 5개 만점에 5개를 받았습니다.,0,편리해요. 언제 어디서나 간편하게 Good!!!
635,2011-1-4,별표 5개 만점에 5개를 받았습니다.,0,빠르고 편리해서 좋네요
636,2011-1-9,별표 5개 만점에 5개를 받았습니다.,0,편리하고 좋아요!
637,2011-1-4,별표 5개 만점에 5개를 받았습니다.,0,업무처리 쉽고 빠른데요^^
638,2011-1-5,별표 5개 만점에 5개를 받았습니다.,0,좋네요
639,2011-1-3,별표 5개 만점에 5개를 받았습니다.,0,속도도 빠르고 괜찮네요.. 앞으로 보험 정보 볼라고 따로 컴 접속 안해도 될 듯..
640,2011-1-3,별표 5개 만점에 5개를 받았습니다.,0,깔끔하고 심플하네요. 사용도 쉽군요
641,2011-1-3,별표 5개 만점에 5개를 받았습니다.,0,활용하기편리하네요~그림도이뿌고속도도빠르고찾기도편리하게되어있네요~^^
642,2011-1-3,별표 5개 만점에 5개를 받았습니다.,0,"깔끔하고, 편리해요~ 굿! 유용한 어플:)"
643,2011-1-3,별표 5개 만점에 5개를 받았습니다.,1,좋네요
644,2010-12-31,별표 5개 만점에 5개를 받았습니다.,1,교보생명도모바일창구가나왔네요^^무료도서도있조좋네요
645,2010-12-31,별표 5개 만점에 5개를 받았습니다.,2,교보생명어플 보기 좋고 편리하네요
646,2014-12-26,별표 5개 만점에 1개를 받았습니다.,0,도대체  공인인증으로 로그인하면  홈피에서 로그인.. 라고  자꾸 메세지가 뜨는데... 삼성화재는  이러한 번거러움도 없이  착착 진행되는데  이건 뭐잉?..시간만  낭비하고  모바일접수도 안되고..
647,2017-2-22,별표 5개 만점에 1개를 받았습니다.,0,완전썩었음...fc도자꾸바뀌고맘에안드는데..앱도뭐같음..카드는무슨카드를발급받으래..계약대출하는건공인인증서하나만으로그냥되고..이런경우는무슨경우임....?편하게할려고앱까는건데..더귀찮게하고있네요...만들려면똑바로만드세요...
648,2017-1-29,별표 5개 만점에 1개를 받았습니다.,0,공인인증서도있는데 자기가계약한 보험내용. 약관도볼수없다면 대체 이걸왜만들었나요?
649,2012-9-18,별표 5개 만점에 1개를 받았습니다.,0,너무한거 아닌가...호환성도 떨어지고 도대체 누굴 위한 어플인가 구색망 갖추기만 하면 끝인가
650,2017-5-17,별표 5개 만점에 1개를 받았습니다.,0,5월17일 계속 업데이트가설치안되고 실행안됩니다. 잘되다가 또이무슨날벼락??
651,2016-3-26,별표 5개 만점에 1개를 받았습니다.,0,사용하지 말라고 만든거 같음
652,2012-12-15,별표 5개 만점에 2개를 받았습니다.,0,잘사용하다 왜 자꾸 튕기는건지? 다시 깔아도 안되네   폰이 구려서인가?
653,2012-8-30,별표 5개 만점에 1개를 받았습니다.,0,첨본다...ㅠㅠ
654,2017-3-10,별표 5개 만점에 1개를 받았습니다.,0,와 뭐 이런 쓰레기 앱이 다 있나요? 뭔 보안카드 없으면 아무것도 못보게 해놓고. PC도 마찬가지던데 그냥 교보생명 자체가 고객을 전혀 생각안하는듯. 이렇게 개판으로 만들기도 힘들겠다
655,2016-8-30,별표 5개 만점에 1개를 받았습니다.,0,보안카드 없으면 아무것도 못해 교보생명 영업시간 오후 3시30분까지라 갈 시간도 없고 진짜 교보생명 비추다
656,2015-10-24,별표 5개 만점에 1개를 받았습니다.,0,다운로드 되나요?? 이틀째 시도하고 있습니다만 설치중에서 벗어나질 않네요 설치가 안됩니다
657,2017-11-27,별표 5개 만점에 1개를 받았습니다.,0,해외에서는 도무지 하나도 않되고 루팅폰이니 어쩌니 ㅜ.ㅜ 정말 사용하기 너무 힘듦!
658,2017-9-12,별표 5개 만점에 1개를 받았습니다.,0,보험청구하려는데 제일 중요한건 없고 보험금 납입 버튼만 제일 먼저 보이네요 휴
659,2012-6-22,별표 5개 만점에 1개를 받았습니다.,0,넘형편없어요 열리지도안구 계속에러가나두요ㅠㅠ
660,2017-3-21,별표 5개 만점에 1개를 받았습니다.,0,계약조회하는데 보안카드 발급은 왜 받아야 함?현대해상은 참 간편하덴데요
661,2015-8-11,별표 5개 만점에 1개를 받았습니다.,0,앱이 설치중으로 계속 뜨기만하네요.
662,2013-4-4,별표 5개 만점에 5개를 받았습니다.,0,갤S4보다.비싼.갤럭시노트2 사용.노트3.예약중^^
663,2016-10-5,별표 5개 만점에 1개를 받았습니다.,0,보안카드라니.. 주지도않아놓고 무슨보안카드를 찾는지 원...
664,2017-6-13,별표 5개 만점에 1개를 받았습니다.,0,"교보생명 최악의 보험사,나이많은 노인네들 일시켜준다고 부추겨서 가족들 보험들게 하는 다단계방식.게다가 똑같은 사고로 3개보험사에 보험청구했는데 두군데서는 군소리없이 보험금이 금방 나왔는데 여긴 어떻해서든지 안주려고 난리 결국 안주려고 실비도 지급안해주고 하더니 다른거 포기하고 안받는다에 사인해야 실비준대서 돈필요하고 하는짓 더러워서 엮이고 싶지않아 사인하고 실비만 받음"
665,2012-11-30,별표 5개 만점에 1개를 받았습니다.,0,삭제했어요.쓸모가없네요ㅠ
666,2017-4-27,별표 5개 만점에 1개를 받았습니다.,0,카메라 강제에  공인인증서 깔아도 지점에가서 보안카드 발급 받아야 사용가능...   절대 가입 하지 마세요
667,2015-6-3,별표 5개 만점에 1개를 받았습니다.,0,들어가지질않아  시간낭비 빳데리낭비
668,2015-9-2,별표 5개 만점에 1개를 받았습니다.,0,설치가 안되 개망 앱이내 아주....
669,2016-10-25,별표 5개 만점에 1개를 받았습니다.,0,다른보험앱은 공인인증서만으로도 조회가되는데!!!
670,2014-9-1,별표 5개 만점에 1개를 받았습니다.,0,"별점안주고작성할수없나요?~~ㅜ전혀~전혀~쓸모없는~,ㅜ"
671,2012-6-5,별표 5개 만점에 1개를 받았습니다.,0,어플실행...접속...후 작동않됨...ㅜㅜ
672,2016-9-12,별표 5개 만점에 1개를 받았습니다.,0,뭐뭐 안되는지 써놔라. 헛짓거리 안하게
673,2012-12-29,별표 5개 만점에 5개를 받았습니다.,0,^^
674,2016-9-21,별표 5개 만점에 1개를 받았습니다.,0,어떻하라고
675,2016-11-4,별표 5개 만점에 1개를 받았습니다.,0,진짜로  한개도 아깝다
676,2016-12-1,별표 5개 만점에 1개를 받았습니다.,0,장난하는거지..
677,2015-6-2,별표 5개 만점에 1개를 받았습니다.,0,앱이 실행이 안됩니다. 만들었으면 관리도 질 해주세요
678,2012-8-3,별표 5개 만점에 5개를 받았습니다.,0,역시교보네요
679,2017-6-20,별표 5개 만점에 1개를 받았습니다.,0,앱삭제가 안되요... 하하하 이런적은 살다살다 처음이네요....
680,2017-8-3,별표 5개 만점에 1개를 받았습니다.,1,쓸모가 없네
681,2015-5-28,별표 5개 만점에 1개를 받았습니다.,0,깔리지도 않음
682,2012-8-5,별표 5개 만점에 5개를 받았습니다.,0,"평생든든  서비스있어  고객  FP   모두가  행복합니다~~~^,~"
683,2012-8-18,별표 5개 만점에 5개를 받았습니다.,0,스마트하게 보험거래
684,2015-4-27,별표 5개 만점에 5개를 받았습니다.,1,깔끔한 앱!
685,2014-10-2,별표 5개 만점에 1개를 받았습니다.,0,이게 앱입니까?
686,2019-8-12,별표 5개 만점에 5개를 받았습니다.,0,원조경
687,2019-3-8,별표 5개 만점에 5개를 받았습니다.,0,좋으네요
688,2016-3-17,별표 5개 만점에 1개를 받았습니다.,0,별로에요
689,2020-3-11,별표 5개 만점에 5개를 받았습니다.,0,원조경
690,2016-12-4,별표 5개 만점에 1개를 받았습니다.,0,계속 오류
691,2020-7-22,별표 5개 만점에 1개를 받았습니다.,0,되질 않아
692,2020-7-4,별표 5개 만점에 2개를 받았습니다.,0,.세일 ㄱ
693,2017-7-27,별표 5개 만점에 1개를 받았습니다.,0,무한 로딩이네.관리자 머하냐?
694,2020-9-24,별표 5개 만점에 5개를 받았습니다.,0,Good
695,2014-8-15,별표 5개 만점에 1개를 받았습니다.,0,편하게볼려고하는건데 홈피공인인증등록??  바로삭제
696,2020-12-13,별표 5개 만점에 1개를 받았습니다.,0,쓰레기
697,2020-8-2,별표 5개 만점에 5개를 받았습니다.,0,좋아용
698,2012-7-3,별표 5개 만점에 5개를 받았습니다.,0,좋아용~^^
699,2018-10-28,별표 5개 만점에 5개를 받았습니다.,0,감사합니다
700,2016-8-1,별표 5개 만점에 3개를 받았습니다.,0,좋아~~
701,2020-7-6,별표 5개 만점에 5개를 받았습니다.,0,좋아요
702,2015-8-31,별표 5개 만점에 5개를 받았습니다.,0,최고
703,2018-11-17,별표 5개 만점에 5개를 받았습니다.,0,좋음
704,2018-11-8,별표 5개 만점에 5개를 받았습니다.,0,좋아요
705,2018-10-30,별표 5개 만점에 5개를 받았습니다.,0,좋아요
706,2012-7-4,별표 5개 만점에 5개를 받았습니다.,0,굿
